arena,challengeWinCountBefore,game_config_gamemode,game_config_name,challenge,survival,friendly_challenge,tournament,clanwars,deckSelection,icon,info,type,replayTag,timestamp,winCount,players_0_alliance,players_0_alliancehashtag,players_0_badge,players_0_avgManaCost,players_0_hashtag,players_0_name,players_0_score,players_0_score_p,players_0_spells,players_0_stars,players_0_survival,players_0_winner,players_0_elixirLeaked,players_0_decklist,players_0_kingTowerHitPoints,players_0_princessTowersHitPoints,players_0_globalRank,players_0_supportCards,players_1_alliance,players_1_alliancehashtag,players_1_badge,players_1_avgManaCost,players_1_hashtag,players_1_name,players_1_score,players_1_score_p,players_1_spells,players_1_stars,players_1_survival,players_1_winner,players_1_elixirLeaked,players_1_decklist,players_1_kingTowerHitPoints,players_1_princessTowersHitPoints,players_1_globalRank,players_1_supportCards,leagueNumber
54000124,0,72000469,DraftMode_Princess,False,False,False,False,False,draft,battleLadder,,trail,08V9C9CLGLC9,1760703577,1,BMG ★ Royal,9RJRL20V,16000122,3.75,2G2L9PRUP,ᴍɪɴᴛᴡʏ,0,0,"[{'d': 26000010, 'l': 11, 'nl': 11, 'icon': 'skeletons_card_evolution', 'name': 'Skeletons', 'el': 1, 'manaCost': 1}, {'d': 26000067, 'l': 9, 'nl': 11, 'icon': 'elixir_golem', 'name': 'Elixir Golem', 'manaCost': 3}, {'d': 26000047, 'l': 11, 'nl': 11, 'icon': 'royal_recruits', 'name': 'Royal Recruits', 'manaCost': 7}, {'d': 26000017, 'l': 9, 'nl': 11, 'icon': 'wizard', 'name': 'Wizard', 'manaCost': 5}, {'d': 26000027, 'l': 6, 'nl': 11, 'icon': 'dark_prince', 'name': 'Dark Prince', 'manaCost': 4}, {'d': 26000039, 'l': 9, 'nl': 11, 'icon': 'mega_minion', 'name': 'Mega Minion', 'manaCost': 3}, {'d': 28000018, 'l': 11, 'nl': 11, 'icon': 'royal_delivery', 'name': 'Royal Delivery', 'manaCost': 3}, {'d': 28000000, 'l': 9, 'nl': 11, 'icon': 'fire_fireball', 'name': 'Fireball', 'manaCost': 4}]",3,0,1,2.32,"[26000010, 26000067, 26000047, 26000017, 26000027, 26000039, 28000018, 28000000]",4824,"[903, 3052]",,"[{'name': 'Tower Princess', 'id': 159000000, 'level': 11, 'maxLevel': 14, 'rarity': 'common', 'iconUrls': {'medium': 'https://api-assets.clashroyale.com/cards/300/Nzo5Gjbh7NG6O3Hyu7ev54Pu5zK7vDMR2fbpGdVsS64.png'}}]",in3pidi,G9VRRR0P,16000047,4.25,PL802VYQC,il delfone,0,0,"[{'d': 26000050, 'l': 3, 'nl': 11, 'icon': 'ghost_evolution', 'name': 'Royal Ghost', 'el': 1, 'manaCost': 3}, {'d': 26000024, 'l': 11, 'nl': 11, 'icon': 'royalgiant', 'name': 'Royal Giant', 'manaCost': 6}, {'d': 26000020, 'l': 6, 'nl': 11, 'icon': 'giant_skeleton', 'name': 'Giant Skeleton', 'manaCost': 6}, {'d': 26000063, 'l': 6, 'nl': 11, 'icon': 'electro_dragon', 'name': 'Electro Dragon', 'manaCost': 5}, {'d': 26000014, 'l': 9, 'nl': 11, 'icon': 'musketeer', 'name': 'Musketeer', 'manaCost': 4}, {'d': 26000061, 'l': 3, 'nl': 11, 'icon': 'fisherman', 'name': 'Fisherman', 'manaCost': 3}, {'d': 28000012, 'l': 6, 'nl': 11, 'icon': 'tornado', 'name': 'Tornado', 'manaCost': 3}, {'d': 28000009, 'l': 6, 'nl': 11, 'icon': 'poison', 'name': 'Poison', 'manaCost': 4}]",0,0,-1,7.34,"[26000050, 26000024, 26000020, 26000063, 26000014, 26000061, 28000012, 28000009]",0,,,"[{'name': 'Tower Princess', 'id': 159000000, 'level': 11, 'maxLevel': 14, 'rarity': 'common', 'iconUrls': {'medium': 'https://api-assets.clashroyale.com/cards/300/Nzo5Gjbh7NG6O3Hyu7ev54Pu5zK7vDMR2fbpGdVsS64.png'}}]",1
54000124,0,72000469,DraftMode_Princess,False,False,False,False,False,draft,battleLadder,,trail,08YPGPGR0Q8G,1760703227,1,BMG ★ Royal,9RJRL20V,16000122,3.5,2G2L9PRUP,ᴍɪɴᴛᴡʏ,0,0,"[{'d': 26000050, 'l': 3, 'nl': 11, 'icon': 'ghost_evolution', 'name': 'Royal Ghost', 'el': 1, 'manaCost': 3}, {'d': 26000021, 'l': 9, 'nl': 11, 'icon': 'hog_rider', 'name': 'Hog Rider', 'manaCost': 4}, {'d': 26000011, 'l': 9, 'nl': 11, 'icon': 'valkyrie', 'name': 'Valkyrie', 'manaCost': 4}, {'d': 26000018, 'l': 9, 'nl': 11, 'icon': 'minipekka', 'name': 'Mini P.E.K.K.A', 'manaCost': 4}, {'d': 26000001, 'l': 11, 'nl': 11, 'icon': 'archer', 'name': 'Archers', 'manaCost': 3}, {'d': 26000097, 'l': 9, 'nl': 11, 'icon': 'suspicious_bush', 'name': 'Suspicious Bush', 'manaCost': 2}, {'d': 28000008, 'l': 11, 'nl': 11, 'icon': 'zap', 'name': 'Zap', 'manaCost': 2}, {'d': 28000007, 'l': 6, 'nl': 11, 'icon': 'lightning', 'name': 'Lightning', 'manaCost': 6}]",1,0,1,1.6,"[26000050, 26000021, 26000011, 26000018, 26000001, 26000097, 28000008, 28000007]",4824,"[2620, 3052]",,"[{'name': 'Tower Princess', 'id': 159000000, 'level': 11, 'maxLevel': 14, 'rarity': 'common', 'iconUrls': {'medium': 'https://api-assets.clashroyale.com/cards/300/Nzo5Gjbh7NG6O3Hyu7ev54Pu5zK7vDMR2fbpGdVsS64.png'}}]",سلطنه عمان,R980Y0JG,16000002,3.63,Y90CR0Q2Q,goom,0,0,"[{'d': 26000000, 'l': 11, 'nl': 11, 'icon': 'knight_evolution', 'name': 'Knight', 'el': 1, 'manaCost': 3}, {'d': 26000051, 'l': 3, 'nl': 11, 'icon': 'ram_rider', 'name': 'Ram Rider', 'manaCost': 5}, {'d': 26000058, 'l': 6, 'nl': 11, 'icon': 'wallbreaker', 'name': 'Wall Breakers', 'manaCost': 2}, {'d': 26000068, 'l': 9, 'nl': 11, 'icon': 'battle_healer', 'name': 'Battle Healer', 'manaCost': 4}, {'d': 26000042, 'l': 3, 'nl': 11, 'icon': 'electro_wizard', 'name': 'Electro Wizard', 'manaCost': 4}, {'d': 26000048, 'l': 3, 'nl': 11, 'icon': 'nightwitch', 'name': 'Night Witch', 'manaCost': 4}, {'d': 28000023, 'l': 6, 'nl': 11, 'icon': 'darkspell', 'name': 'Void', 'manaCost': 3}, {'d': 28000000, 'l': 9, 'nl': 11, 'icon': 'fire_fireball', 'name': 'Fireball', 'manaCost': 4}]",0,0,-1,0.0,"[26000000, 26000051, 26000058, 26000068, 26000042, 26000048, 28000023, 28000000]",4824,[588],,"[{'name': 'Tower Princess', 'id': 159000000, 'level': 11, 'maxLevel': 14, 'rarity': 'common', 'iconUrls': {'medium': 'https://api-assets.clashroyale.com/cards/300/Nzo5Gjbh7NG6O3Hyu7ev54Pu5zK7vDMR2fbpGdVsS64.png'}}]",1
54000124,0,72000065,Showdown_Friendly,False,False,False,False,False,collection,battleLadder,,trail,09L9J8VPYQ2V,1760699349,1,BMG ★ Royal,9RJRL20V,16000122,2.88,2G2L9PRUP,ᴍɪɴᴛᴡʏ,0,0,"[{'d': 26000058, 'l': 6, 'nl': 11, 'icon': 'wallbreaker_evolution', 'name': 'Wall Breakers', 'el': 1, 'manaCost': 2}, {'d': 26000049, 'l': 11, 'nl': 11, 'icon': 'bats_evolution', 'name': 'Bats', 'el': 1, 'manaCost': 2}, {'d': 26000065, 'l': 1, 'nl': 11, 'icon': 'mightyminer', 'name': 'Mighty Miner', 'manaCost': 4}, {'d': 26000032, 'l': 3, 'nl': 11, 'icon': 'miner', 'name': 'Miner', 'manaCost': 3}, {'d': 26000019, 'l': 11, 'nl': 11, 'icon': 'goblin_archer', 'name': 'Spear Goblins', 'manaCost': 2}, {'d': 27000001, 'l': 9, 'nl': 11, 'icon': 'goblin_hut_rework_card', 'name': 'Goblin Hut', 'manaCost': 4}, {'d': 28000011, 'l': 3, 'nl': 11, 'icon': 'the_log', 'name': 'The Log', 'manaCost': 2}, {'d': 28000009, 'l': 6, 'nl': 11, 'icon': 'poison', 'name': 'Poison', 'manaCost': 4}]",1,0,1,4.18,"[26000058, 26000049, 26000065, 26000032, 26000019, 27000001, 28000011, 28000009]",4782,"[2791, 310]",,"[{'name': 'Tower Princess', 'id': 159000000, 'level': 11, 'maxLevel': 14, 'rarity': 'common', 'iconUrls': {'medium': 'https://api-assets.clashroyale.com/cards/300/Nzo5Gjbh7NG6O3Hyu7ev54Pu5zK7vDMR2fbpGdVsS64.png'}}]",Кергоша,QVRVQQL9,16000107,3.25,GPYL9VL0,no,0,0,"[{'d': 27000006, 'l': 11, 'nl': 11, 'icon': 'building_tesla_evolution', 'name': 'Tesla', 'el': 1, 'manaCost': 4}, {'d': 28000017, 'l': 11, 'nl': 11, 'icon': 'snowball_evolution', 'name': 'Giant Snowball', 'el': 1, 'manaCost': 2}, {'d': 27000008, 'l': 6, 'nl': 11, 'icon': 'building_xbow', 'name': 'X-Bow', 'manaCost': 6}, {'d': 26000023, 'l': 3, 'nl': 11, 'icon': 'ice_wizard', 'name': 'Ice Wizard', 'manaCost': 3}, {'d': 26000102, 'l': 11, 'nl': 11, 'icon': 'berserker_card', 'name': 'Berserker', 'manaCost': 2}, {'d': 26000010, 'l': 11, 'nl': 11, 'icon': 'skeletons_card', 'name': 'Skeletons', 'manaCost': 1}, {'d': 28000011, 'l': 3, 'nl': 11, 'icon': 'the_log', 'name': 'The Log', 'manaCost': 2}, {'d': 28000003, 'l': 9, 'nl': 11, 'icon': 'rocket', 'name': 'Rocket', 'manaCost': 6}]",0,0,-1,5.18,"[27000006, 28000017, 27000008, 26000023, 26000102, 26000010, 28000011, 28000003]",4782,[2848],,"[{'name': 'Tower Princess', 'id': 159000000, 'level': 11, 'maxLevel': 14, 'rarity': 'common', 'iconUrls': {'medium': 'https://api-assets.clashroyale.com/cards/300/Nzo5Gjbh7NG6O3Hyu7ev54Pu5zK7vDMR2fbpGdVsS64.png'}}]",1
54000031,0,72000268,CW_Battle_1v1,False,False,False,False,True,collection,clanWars,,riverRacePvP,08PPG9VQ29LL,1760697949,0,BMG ★ Royal,9RJRL20V,16000122,4.5,2G2L9PRUP,ᴍɪɴᴛᴡʏ,10000,10000,"[{'d': 26000063, 'l': 10, 'nl': 15, 'icon': 'electro_dragon_evolution', 'name': 'Electro Dragon', 'el': 1, 'manaCost': 5}, {'d': 26000035, 'l': 7, 'nl': 15, 'icon': 'rage_barbarian_evolution', 'name': 'Lumberjack', 'el': 1, 'manaCost': 4}, {'d': 26000009, 'l': 10, 'nl': 15, 'icon': 'chr_golem', 'name': 'Golem', 'manaCost': 8}, {'d': 26000068, 'l': 13, 'nl': 15, 'icon': 'battle_healer', 'name': 'Battle Healer', 'manaCost': 4}, {'d': 26000023, 'l': 7, 'nl': 15, 'icon': 'ice_wizard', 'name': 'Ice Wizard', 'manaCost': 3}, {'d': 26000025, 'l': 9, 'nl': 14, 'icon': 'skeleton_warriors', 'name': 'Guards', 'manaCost': 3}, {'d': 27000007, 'l': 13, 'nl': 15, 'icon': 'building_elixir_collector', 'name': 'Elixir Collector', 'manaCost': 6}, {'d': 28000012, 'l': 10, 'nl': 15, 'icon': 'tornado', 'name': 'Tornado', 'manaCost': 3}]",1,0,1,3.45,"[26000063, 26000035, 26000009, 26000068, 26000023, 26000025, 27000007, 28000012]",7032,"[2519, 3982]",,[],Запорожье,8Y0YQ9R,16000175,4.25,28GPLP98J,Metod,10000,10000,"[{'d': 26000060, 'l': 10, 'nl': 15, 'icon': 'goblin_giant_evolution', 'name': 'Goblin Giant', 'el': 1, 'manaCost': 6}, {'d': 26000055, 'l': 7, 'nl': 15, 'icon': 'mega_knight_evolution', 'name': 'Mega Knight', 'el': 1, 'manaCost': 7}, {'d': 26000096, 'l': 7, 'nl': 15, 'icon': 'goblinmachine', 'name': 'Goblin Machine', 'manaCost': 5}, {'d': 26000018, 'l': 13, 'nl': 15, 'icon': 'minipekka', 'name': 'Mini P.E.K.K.A', 'manaCost': 4}, {'d': 26000080, 'l': 15, 'nl': 15, 'icon': 'skeletondragon', 'name': 'Skeleton Dragons', 'manaCost': 4}, {'d': 26000005, 'l': 15, 'nl': 15, 'icon': 'minion', 'name': 'Minions', 'manaCost': 3}, {'d': 28000002, 'l': 10, 'nl': 15, 'icon': 'rage', 'name': 'Rage', 'manaCost': 2}, {'d': 28000026, 'l': 10, 'nl': 15, 'icon': 'vines_spell', 'name': 'Vines', 'manaCost': 3}]",0,0,-1,2.96,"[26000060, 26000055, 26000096, 26000018, 26000080, 26000005, 28000002, 28000026]",7032,[4424],,[],1
54000031,0,72000268,CW_Battle_1v1,False,False,False,False,True,collection,clanWars,,riverRacePvP,00QPJQL0C9CY,1760697710,0,BMG ★ Royal,9RJRL20V,16000122,2.75,2G2L9PRUP,ᴍɪɴᴛᴡʏ,10000,10000,"[{'d': 26000064, 'l': 15, 'nl': 15, 'icon': 'firecracker_evolution', 'name': 'Firecracker', 'el': 1, 'manaCost': 3}, {'d': 27000000, 'l': 15, 'nl': 15, 'icon': 'chaos_cannon_evolution', 'name': 'Cannon', 'el': 1, 'manaCost': 3}, {'d': 26000021, 'l': 13, 'nl': 15, 'icon': 'hog_rider', 'name': 'Hog Rider', 'manaCost': 4}, {'d': 26000065, 'l': 5, 'nl': 15, 'icon': 'mightyminer', 'name': 'Mighty Miner', 'manaCost': 4}, {'d': 26000010, 'l': 15, 'nl': 15, 'icon': 'skeletons_card', 'name': 'Skeletons', 'manaCost': 1}, {'d': 26000030, 'l': 15, 'nl': 15, 'icon': 'snow_spirits', 'name': 'Ice Spirit', 'manaCost': 1}, {'d': 28000014, 'l': 13, 'nl': 15, 'icon': 'earthquake', 'name': 'Earthquake', 'manaCost': 3}, {'d': 28000018, 'l': 15, 'nl': 15, 'icon': 'royal_delivery', 'name': 'Royal Delivery', 'manaCost': 3}]",3,0,1,0.5,"[26000064, 27000000, 26000021, 26000065, 26000010, 26000030, 28000014, 28000018]",7032,"[3285, 4294]",,[],Family Ukraine,GQ9VJUCU,16000175,3.5,2PVYGP8R2,Aristochka ❤️,10000,10000,"[{'d': 26000000, 'l': 15, 'nl': 15, 'icon': 'knight_evolution', 'name': 'Knight', 'el': 1, 'manaCost': 3}, {'d': 27000006, 'l': 15, 'nl': 15, 'icon': 'building_tesla_evolution', 'name': 'Tesla', 'el': 1, 'manaCost': 4}, {'d': 27000008, 'l': 10, 'nl': 15, 'icon': 'building_xbow', 'name': 'X-Bow', 'manaCost': 6}, {'d': 26000023, 'l': 7, 'nl': 15, 'icon': 'ice_wizard', 'name': 'Ice Wizard', 'manaCost': 3}, {'d': 26000010, 'l': 15, 'nl': 15, 'icon': 'skeletons_card', 'name': 'Skeletons', 'manaCost': 1}, {'d': 28000011, 'l': 7, 'nl': 15, 'icon': 'the_log', 'name': 'The Log', 'manaCost': 2}, {'d': 28000012, 'l': 10, 'nl': 15, 'icon': 'tornado', 'name': 'Tornado', 'manaCost': 3}, {'d': 28000003, 'l': 13, 'nl': 15, 'icon': 'rocket', 'name': 'Rocket', 'manaCost': 6}]",0,0,-1,13.81,"[26000000, 27000006, 27000008, 26000023, 26000010, 28000011, 28000012, 28000003]",0,,,[],1
54000031,0,72000267,CW_Duel_1v1,False,False,False,False,True,warDeckPick,clanWars,,riverRaceDuel,08U9CP0UVG9R,1760697306,0,BMG ★ Royal,9RJRL20V,16000122,3.44,2G2L9PRUP,ᴍɪɴᴛᴡʏ,10000,10000,"[{'d': 26000074, 'l': 4, 'nl': 14, 'icon': 'goldenknight', 'name': 'Golden Knight', 'used': True, 'manaCost': 4}, {'d': 26000036, 'l': 13, 'nl': 15, 'icon': 'battle_ram', 'name': 'Battle Ram', 'used': True, 'manaCost': 4}, {'d': 26000004, 'l': 10, 'nl': 15, 'icon': 'pekka', 'name': 'P.E.K.K.A', 'used': True, 'manaCost': 7}, {'d': 26000027, 'l': 10, 'nl': 15, 'icon': 'dark_prince', 'name': 'Dark Prince', 'used': True, 'manaCost': 4}, {'d': 26000062, 'l': 7, 'nl': 15, 'icon': 'magic_archer', 'name': 'Magic Archer', 'used': True, 'manaCost': 4}, {'d': 26000042, 'l': 7, 'nl': 15, 'icon': 'electro_wizard', 'name': 'Electro Wizard', 'used': True, 'manaCost': 4}, {'d': 28000017, 'l': 14, 'nl': 14, 'icon': 'snowball', 'name': 'Giant Snowball', 'used': True, 'manaCost': 2}, {'d': 28000009, 'l': 9, 'nl': 14, 'icon': 'poison', 'name': 'Poison', 'used': True, 'manaCost': 4}]",0,0,1,0.67,"[26000074, 26000036, 26000004, 26000027, 26000062, 26000042, 28000017, 28000009]",7032,"[1994, 0]",,[],lendas do clash,LYCYV999,16000028,4.0,Y2G0YU9QJ,Patrick,10000,10000,"[{'d': 26000064, 'l': 15, 'nl': 15, 'icon': 'firecracker_evolution', 'name': 'Firecracker', 'used': True, 'el': 1, 'manaCost': 3}, {'d': 26000059, 'l': 13, 'nl': 15, 'icon': 'royal_hog', 'name': 'Royal Hogs', 'used': True, 'manaCost': 5}, {'d': 26000054, 'l': 10, 'nl': 15, 'icon': 'cannon_cart', 'name': 'Cannon Cart', 'used': True, 'manaCost': 5}, {'d': 26000080, 'l': 15, 'nl': 15, 'icon': 'skeletondragon', 'name': 'Skeleton Dragons', 'used': True, 'manaCost': 4}, {'d': 26000083, 'l': 7, 'nl': 15, 'icon': 'motherwitch', 'name': 'Mother Witch', 'used': True, 'manaCost': 4}, {'d': 26000041, 'l': 15, 'nl': 15, 'icon': 'goblin_gang', 'name': 'Goblin Gang', 'used': True, 'manaCost': 3}, {'d': 27000012, 'l': 13, 'nl': 15, 'icon': 'goblin_cage', 'name': 'Goblin Cage', 'used': True, 'manaCost': 4}, {'d': 28000001, 'l': 15, 'nl': 15, 'icon': 'order_volley', 'name': 'Arrows', 'used': True, 'manaCost': 3}]",0,0,-1,0.0,"[26000064, 26000059, 26000054, 26000080, 26000083, 26000041, 27000012, 28000001]",7032,"[2388, 0]",,[],1
54000031,0,72000267,CW_Duel_1v1,False,False,False,False,True,warDeckPick,clanWars,,riverRaceDuel,08U9CP0UVG9R,1760697307,0,BMG ★ Royal,9RJRL20V,16000122,3.44,2G2L9PRUP,ᴍɪɴᴛᴡʏ,10000,10000,"[{'d': 26000074, 'l': 4, 'nl': 14, 'icon': 'goldenknight', 'name': 'Golden Knight', 'used': True, 'manaCost': 4}, {'d': 26000036, 'l': 13, 'nl': 15, 'icon': 'battle_ram', 'name': 'Battle Ram', 'used': True, 'manaCost': 4}, {'d': 26000004, 'l': 10, 'nl': 15, 'icon': 'pekka', 'name': 'P.E.K.K.A', 'used': True, 'manaCost': 7}, {'d': 26000027, 'l': 10, 'nl': 15, 'icon': 'dark_prince', 'name': 'Dark Prince', 'used': True, 'manaCost': 4}, {'d': 26000062, 'l': 7, 'nl': 15, 'icon': 'magic_archer', 'name': 'Magic Archer', 'used': True, 'manaCost': 4}, {'d': 26000042, 'l': 7, 'nl': 15, 'icon': 'electro_wizard', 'name': 'Electro Wizard', 'used': True, 'manaCost': 4}, {'d': 28000017, 'l': 14, 'nl': 14, 'icon': 'snowball', 'name': 'Giant Snowball', 'used': True, 'manaCost': 2}, {'d': 28000009, 'l': 9, 'nl': 14, 'icon': 'poison', 'name': 'Poison', 'used': True, 'manaCost': 4}]",0,0,1,0.67,"[26000074, 26000036, 26000004, 26000027, 26000062, 26000042, 28000017, 28000009]",7032,"[1994, 0]",,[],lendas do clash,LYCYV999,16000028,4.0,Y2G0YU9QJ,Patrick,10000,10000,"[{'d': 26000064, 'l': 15, 'nl': 15, 'icon': 'firecracker_evolution', 'name': 'Firecracker', 'used': True, 'el': 1, 'manaCost': 3}, {'d': 26000059, 'l': 13, 'nl': 15, 'icon': 'royal_hog', 'name': 'Royal Hogs', 'used': True, 'manaCost': 5}, {'d': 26000054, 'l': 10, 'nl': 15, 'icon': 'cannon_cart', 'name': 'Cannon Cart', 'used': True, 'manaCost': 5}, {'d': 26000080, 'l': 15, 'nl': 15, 'icon': 'skeletondragon', 'name': 'Skeleton Dragons', 'used': True, 'manaCost': 4}, {'d': 26000083, 'l': 7, 'nl': 15, 'icon': 'motherwitch', 'name': 'Mother Witch', 'used': True, 'manaCost': 4}, {'d': 26000041, 'l': 15, 'nl': 15, 'icon': 'goblin_gang', 'name': 'Goblin Gang', 'used': True, 'manaCost': 3}, {'d': 27000012, 'l': 13, 'nl': 15, 'icon': 'goblin_cage', 'name': 'Goblin Cage', 'used': True, 'manaCost': 4}, {'d': 28000001, 'l': 15, 'nl': 15, 'icon': 'order_volley', 'name': 'Arrows', 'used': True, 'manaCost': 3}]",0,0,-1,0.0,"[26000064, 26000059, 26000054, 26000080, 26000083, 26000041, 27000012, 28000001]",7032,"[2388, 0]",,[],1
54000124,0,72000065,Showdown_Friendly,False,False,False,False,False,collection,battleLadder,,trail,08PPG9UGY98J,1760682789,1,BMG ★ Royal,9RJRL20V,16000122,4.13,2G2L9PRUP,ᴍɪɴᴛᴡʏ,0,0,"[{'d': 26000011, 'l': 9, 'nl': 11, 'icon': 'valkyrie_evolution', 'name': 'Valkyrie', 'el': 1, 'manaCost': 4}, {'d': 26000037, 'l': 3, 'nl': 11, 'icon': 'inferno_dragon_evolution', 'name': 'Inferno Dragon', 'el': 1, 'manaCost': 4}, {'d': 26000029, 'l': 3, 'nl': 11, 'icon': 'lava_hound', 'name': 'Lava Hound', 'manaCost': 7}, {'d': 26000006, 'l': 6, 'nl': 11, 'icon': 'chr_balloon', 'name': 'Balloon', 'manaCost': 5}, {'d': 26000080, 'l': 11, 'nl': 11, 'icon': 'skeletondragon', 'name': 'Skeleton Dragons', 'manaCost': 4}, {'d': 26000025, 'l': 6, 'nl': 11, 'icon': 'skeleton_warriors', 'name': 'Guards', 'manaCost': 3}, {'d': 28000008, 'l': 11, 'nl': 11, 'icon': 'zap', 'name': 'Zap', 'manaCost': 2}, {'d': 28000000, 'l': 9, 'nl': 11, 'icon': 'fire_fireball', 'name': 'Fireball', 'manaCost': 4}]",3,0,1,2.96,"[26000011, 26000037, 26000029, 26000006, 26000080, 26000025, 28000008, 28000000]",3873,[1724],,"[{'name': 'Tower Princess', 'id': 159000000, 'level': 11, 'maxLevel': 14, 'rarity': 'common', 'iconUrls': {'medium': 'https://api-assets.clashroyale.com/cards/300/Nzo5Gjbh7NG6O3Hyu7ev54Pu5zK7vDMR2fbpGdVsS64.png'}}]",REAL MOSTER,YJUQP0Y9,16000009,2.63,2JV82VGCP,the_andres,0,0,"[{'d': 27000000, 'l': 11, 'nl': 11, 'icon': 'chaos_cannon_evolution', 'name': 'Cannon', 'el': 1, 'manaCost': 3}, {'d': 26000021, 'l': 9, 'nl': 11, 'icon': 'hog_rider', 'name': 'Hog Rider', 'manaCost': 4}, {'d': 26000014, 'l': 9, 'nl': 11, 'icon': 'musketeer', 'name': 'Musketeer', 'manaCost': 4}, {'d': 26000038, 'l': 9, 'nl': 11, 'icon': 'icegolem', 'name': 'Ice Golem', 'manaCost': 2}, {'d': 26000010, 'l': 11, 'nl': 11, 'icon': 'skeletons_card', 'name': 'Skeletons', 'manaCost': 1}, {'d': 26000030, 'l': 11, 'nl': 11, 'icon': 'snow_spirits', 'name': 'Ice Spirit', 'manaCost': 1}, {'d': 28000011, 'l': 3, 'nl': 11, 'icon': 'the_log', 'name': 'The Log', 'manaCost': 2}, {'d': 28000000, 'l': 9, 'nl': 11, 'icon': 'fire_fireball', 'name': 'Fireball', 'manaCost': 4}]",1,0,-1,3.01,"[27000000, 26000021, 26000014, 26000038, 26000010, 26000030, 28000011, 28000000]",0,,,"[{'name': 'Tower Princess', 'id': 159000000, 'level': 11, 'maxLevel': 14, 'rarity': 'common', 'iconUrls': {'medium': 'https://api-assets.clashroyale.com/cards/300/Nzo5Gjbh7NG6O3Hyu7ev54Pu5zK7vDMR2fbpGdVsS64.png'}}]",1
54000124,0,72000450,Ranked1v1_NewArena,False,False,False,False,False,collection,pathOfLegend_007,,pathOfLegend,08PPG9R82CL0,1760644487,0,BMG ★ Royal,9RJRL20V,16000122,3.75,2G2L9PRUP,ᴍɪɴᴛᴡʏ,1885,1885,"[{'d': 26000047, 'l': 15, 'nl': 15, 'icon': 'royal_recruits_evolution', 'name': 'Royal Recruits', 'el': 1, 'manaCost': 7}, {'d': 27000012, 'l': 13, 'nl': 15, 'icon': 'goblin_cage_evolution', 'name': 'Goblin Cage', 'el': 1, 'manaCost': 4}, {'d': 26000059, 'l': 13, 'nl': 15, 'icon': 'royal_hog', 'name': 'Royal Hogs', 'manaCost': 5}, {'d': 26000052, 'l': 13, 'nl': 15, 'icon': 'zappies', 'name': 'Zappies', 'manaCost': 4}, {'d': 26000057, 'l': 13, 'nl': 15, 'icon': 'flying_machine', 'name': 'Flying Machine', 'manaCost': 4}, {'d': 26000084, 'l': 15, 'nl': 15, 'icon': 'electrospirit', 'name': 'Electro Spirit', 'manaCost': 1}, {'d': 28000015, 'l': 10, 'nl': 15, 'icon': 'barb_barrel', 'name': 'Barbarian Barrel', 'manaCost': 2}, {'d': 28000001, 'l': 15, 'nl': 15, 'icon': 'order_volley', 'name': 'Arrows', 'manaCost': 3}]",1,0,1,9.18,"[26000047, 27000012, 26000059, 26000052, 26000057, 26000084, 28000015, 28000001]",5692,"[2720, 1226]",,"[{'name': 'Tower Princess', 'id': 159000000, 'level': 15, 'maxLevel': 14, 'rarity': 'common', 'iconUrls': {'medium': 'https://api-assets.clashroyale.com/cards/300/Nzo5Gjbh7NG6O3Hyu7ev54Pu5zK7vDMR2fbpGdVsS64.png'}}]",Ai mai buni :),G0GLQQYG,16000131,3.38,URQGQ8QJ9,Leonardo,1870,1870,"[{'d': 26000015, 'l': 10, 'nl': 15, 'icon': 'baby_dragon_evolution', 'name': 'Baby Dragon', 'el': 1, 'manaCost': 4}, {'d': 26000000, 'l': 15, 'nl': 15, 'icon': 'knight_evolution', 'name': 'Knight', 'el': 1, 'manaCost': 3}, {'d': 28000010, 'l': 7, 'nl': 15, 'icon': 'graveyard', 'name': 'Graveyard', 'manaCost': 5}, {'d': 26000023, 'l': 7, 'nl': 15, 'icon': 'ice_wizard', 'name': 'Ice Wizard', 'manaCost': 3}, {'d': 27000009, 'l': 13, 'nl': 15, 'icon': 'tombstone', 'name': 'Tombstone', 'manaCost': 3}, {'d': 28000015, 'l': 10, 'nl': 15, 'icon': 'barb_barrel', 'name': 'Barbarian Barrel', 'manaCost': 2}, {'d': 28000012, 'l': 10, 'nl': 15, 'icon': 'tornado', 'name': 'Tornado', 'manaCost': 3}, {'d': 28000009, 'l': 10, 'nl': 15, 'icon': 'poison', 'name': 'Poison', 'manaCost': 4}]",0,0,-1,5.18,"[26000015, 26000000, 28000010, 26000023, 27000009, 28000015, 28000012, 28000009]",5692,[536],,"[{'name': 'Tower Princess', 'id': 159000000, 'level': 15, 'maxLevel': 14, 'rarity': 'common', 'iconUrls': {'medium': 'https://api-assets.clashroyale.com/cards/300/Nzo5Gjbh7NG6O3Hyu7ev54Pu5zK7vDMR2fbpGdVsS64.png'}}]",7
54000124,0,72000450,Ranked1v1_NewArena,False,False,False,False,False,collection,pathOfLegend_007,,pathOfLegend,08PPG9R2PLLY,1760644021,0,BMG ★ Royal,9RJRL20V,16000122,3.75,2G2L9PRUP,ᴍɪɴᴛᴡʏ,1856,1856,"[{'d': 26000047, 'l': 15, 'nl': 15, 'icon': 'royal_recruits_evolution', 'name': 'Royal Recruits', 'el': 1, 'manaCost': 7}, {'d': 27000012, 'l': 13, 'nl': 15, 'icon': 'goblin_cage_evolution', 'name': 'Goblin Cage', 'el': 1, 'manaCost': 4}, {'d': 26000059, 'l': 13, 'nl': 15, 'icon': 'royal_hog', 'name': 'Royal Hogs', 'manaCost': 5}, {'d': 26000052, 'l': 13, 'nl': 15, 'icon': 'zappies', 'name': 'Zappies', 'manaCost': 4}, {'d': 26000057, 'l': 13, 'nl': 15, 'icon': 'flying_machine', 'name': 'Flying Machine', 'manaCost': 4}, {'d': 26000084, 'l': 15, 'nl': 15, 'icon': 'electrospirit', 'name': 'Electro Spirit', 'manaCost': 1}, {'d': 28000015, 'l': 10, 'nl': 15, 'icon': 'barb_barrel', 'name': 'Barbarian Barrel', 'manaCost': 2}, {'d': 28000001, 'l': 15, 'nl': 15, 'icon': 'order_volley', 'name': 'Arrows', 'manaCost': 3}]",1,0,1,1.84,"[26000047, 27000012, 26000059, 26000052, 26000057, 26000084, 28000015, 28000001]",7032,"[3472, 503]",,"[{'name': 'Tower Princess', 'id': 159000000, 'level': 15, 'maxLevel': 14, 'rarity': 'common', 'iconUrls': {'medium': 'https://api-assets.clashroyale.com/cards/300/Nzo5Gjbh7NG6O3Hyu7ev54Pu5zK7vDMR2fbpGdVsS64.png'}}]",immola,RL00UGQR,16000016,3.5,CLV9UJLY,Trainer Joona,1850,1850,"[{'d': 26000012, 'l': 10, 'nl': 15, 'icon': 'skeleton_horde_evolution', 'name': 'Skeleton Army', 'el': 1, 'manaCost': 3}, {'d': 26000049, 'l': 15, 'nl': 15, 'icon': 'bats_evolution', 'name': 'Bats', 'el': 1, 'manaCost': 2}, {'d': 26000029, 'l': 7, 'nl': 15, 'icon': 'lava_hound', 'name': 'Lava Hound', 'manaCost': 7}, {'d': 26000069, 'l': 5, 'nl': 15, 'icon': 'skeletonking', 'name': 'Skeleton King', 'manaCost': 4}, {'d': 26000032, 'l': 7, 'nl': 15, 'icon': 'miner', 'name': 'Miner', 'manaCost': 3}, {'d': 26000041, 'l': 15, 'nl': 15, 'icon': 'goblin_gang', 'name': 'Goblin Gang', 'manaCost': 3}, {'d': 26000005, 'l': 15, 'nl': 15, 'icon': 'minion', 'name': 'Minions', 'manaCost': 3}, {'d': 28000001, 'l': 15, 'nl': 15, 'icon': 'order_volley', 'name': 'Arrows', 'manaCost': 3}]",0,0,-1,0.0,"[26000012, 26000049, 26000029, 26000069, 26000032, 26000041, 26000005, 28000001]",7032,[2381],,"[{'name': 'Tower Princess', 'id': 159000000, 'level': 15, 'maxLevel': 14, 'rarity': 'common', 'iconUrls': {'medium': 'https://api-assets.clashroyale.com/cards/300/Nzo5Gjbh7NG6O3Hyu7ev54Pu5zK7vDMR2fbpGdVsS64.png'}}]",7
54000124,0,72000450,Ranked1v1_NewArena,False,False,False,False,False,collection,pathOfLegend_007,,pathOfLegend,00LPJQ8P8RPY,1760642737,0,BMG ★ Royal,9RJRL20V,16000122,3.75,2G2L9PRUP,ᴍɪɴᴛᴡʏ,1828,1828,"[{'d': 26000047, 'l': 15, 'nl': 15, 'icon': 'royal_recruits_evolution', 'name': 'Royal Recruits', 'el': 1, 'manaCost': 7}, {'d': 27000012, 'l': 13, 'nl': 15, 'icon': 'goblin_cage_evolution', 'name': 'Goblin Cage', 'el': 1, 'manaCost': 4}, {'d': 26000059, 'l': 13, 'nl': 15, 'icon': 'royal_hog', 'name': 'Royal Hogs', 'manaCost': 5}, {'d': 26000052, 'l': 13, 'nl': 15, 'icon': 'zappies', 'name': 'Zappies', 'manaCost': 4}, {'d': 26000057, 'l': 13, 'nl': 15, 'icon': 'flying_machine', 'name': 'Flying Machine', 'manaCost': 4}, {'d': 26000084, 'l': 15, 'nl': 15, 'icon': 'electrospirit', 'name': 'Electro Spirit', 'manaCost': 1}, {'d': 28000015, 'l': 10, 'nl': 15, 'icon': 'barb_barrel', 'name': 'Barbarian Barrel', 'manaCost': 2}, {'d': 28000001, 'l': 15, 'nl': 15, 'icon': 'order_volley', 'name': 'Arrows', 'manaCost': 3}]",1,0,1,6.41,"[26000047, 27000012, 26000059, 26000052, 26000057, 26000084, 28000015, 28000001]",7032,"[1302, 4424]",,"[{'name': 'Tower Princess', 'id': 159000000, 'level': 15, 'maxLevel': 14, 'rarity': 'common', 'iconUrls': {'medium': 'https://api-assets.clashroyale.com/cards/300/Nzo5Gjbh7NG6O3Hyu7ev54Pu5zK7vDMR2fbpGdVsS64.png'}}]",الشلقا والملقا,2R0GCY9J,16000151,3.0,8RY8YVVP,9ndoo7,1816,1816,"[{'d': 26000024, 'l': 15, 'nl': 15, 'icon': 'royalgiant_evolution', 'name': 'Royal Giant', 'el': 1, 'manaCost': 6}, {'d': 26000044, 'l': 10, 'nl': 15, 'icon': 'hunter_evolution', 'name': 'Hunter', 'el': 1, 'manaCost': 4}, {'d': 26000050, 'l': 7, 'nl': 15, 'icon': 'ghost', 'name': 'Royal Ghost', 'manaCost': 3}, {'d': 26000061, 'l': 7, 'nl': 15, 'icon': 'fisherman', 'name': 'Fisherman', 'manaCost': 3}, {'d': 26000010, 'l': 15, 'nl': 15, 'icon': 'skeletons_card', 'name': 'Skeletons', 'manaCost': 1}, {'d': 26000084, 'l': 15, 'nl': 15, 'icon': 'electrospirit', 'name': 'Electro Spirit', 'manaCost': 1}, {'d': 28000015, 'l': 10, 'nl': 15, 'icon': 'barb_barrel', 'name': 'Barbarian Barrel', 'manaCost': 2}, {'d': 28000000, 'l': 13, 'nl': 15, 'icon': 'fire_fireball', 'name': 'Fireball', 'manaCost': 4}]",0,0,-1,3.41,"[26000024, 26000044, 26000050, 26000061, 26000010, 26000084, 28000015, 28000000]",6783,[1810],,"[{'name': 'Tower Princess', 'id': 159000000, 'level': 15, 'maxLevel': 14, 'rarity': 'common', 'iconUrls': {'medium': 'https://api-assets.clashroyale.com/cards/300/Nzo5Gjbh7NG6O3Hyu7ev54Pu5zK7vDMR2fbpGdVsS64.png'}}]",7
54000124,0,72000450,Ranked1v1_NewArena,False,False,False,False,False,collection,pathOfLegend_007,,pathOfLegend,08PPG9GURJUU,1760642548,0,BMG ★ Royal,9RJRL20V,16000122,3.75,2G2L9PRUP,ᴍɪɴᴛᴡʏ,1858,1858,"[{'d': 26000047, 'l': 15, 'nl': 15, 'icon': 'royal_recruits_evolution', 'name': 'Royal Recruits', 'el': 1, 'manaCost': 7}, {'d': 27000012, 'l': 13, 'nl': 15, 'icon': 'goblin_cage_evolution', 'name': 'Goblin Cage', 'el': 1, 'manaCost': 4}, {'d': 26000059, 'l': 13, 'nl': 15, 'icon': 'royal_hog', 'name': 'Royal Hogs', 'manaCost': 5}, {'d': 26000052, 'l': 13, 'nl': 15, 'icon': 'zappies', 'name': 'Zappies', 'manaCost': 4}, {'d': 26000057, 'l': 13, 'nl': 15, 'icon': 'flying_machine', 'name': 'Flying Machine', 'manaCost': 4}, {'d': 26000084, 'l': 15, 'nl': 15, 'icon': 'electrospirit', 'name': 'Electro Spirit', 'manaCost': 1}, {'d': 28000015, 'l': 10, 'nl': 15, 'icon': 'barb_barrel', 'name': 'Barbarian Barrel', 'manaCost': 2}, {'d': 28000001, 'l': 15, 'nl': 15, 'icon': 'order_volley', 'name': 'Arrows', 'manaCost': 3}]",0,0,-1,4.72,"[26000047, 27000012, 26000059, 26000052, 26000057, 26000084, 28000015, 28000001]",7032,[3140],,"[{'name': 'Tower Princess', 'id': 159000000, 'level': 15, 'maxLevel': 14, 'rarity': 'common', 'iconUrls': {'medium': 'https://api-assets.clashroyale.com/cards/300/Nzo5Gjbh7NG6O3Hyu7ev54Pu5zK7vDMR2fbpGdVsS64.png'}}]",• Effect Love ❀,RGRJVGVP,16000133,3.63,J0LQ8JPL,"˼شَٰـڪٱآڪي♡⁞✨"")",1851,1851,"[{'d': 26000007, 'l': 10, 'nl': 15, 'icon': 'witch_evolution', 'name': 'Witch', 'el': 1, 'manaCost': 5}, {'d': 26000011, 'l': 13, 'nl': 15, 'icon': 'valkyrie_evolution', 'name': 'Valkyrie', 'el': 1, 'manaCost': 4}, {'d': 28000010, 'l': 7, 'nl': 15, 'icon': 'graveyard', 'name': 'Graveyard', 'manaCost': 5}, {'d': 26000102, 'l': 15, 'nl': 15, 'icon': 'berserker_card', 'name': 'Berserker', 'manaCost': 2}, {'d': 27000001, 'l': 13, 'nl': 15, 'icon': 'goblin_hut_rework_card', 'name': 'Goblin Hut', 'manaCost': 4}, {'d': 28000015, 'l': 10, 'nl': 15, 'icon': 'barb_barrel', 'name': 'Barbarian Barrel', 'manaCost': 2}, {'d': 28000026, 'l': 10, 'nl': 15, 'icon': 'vines_spell', 'name': 'Vines', 'manaCost': 3}, {'d': 28000009, 'l': 10, 'nl': 15, 'icon': 'poison', 'name': 'Poison', 'manaCost': 4}]",1,0,1,6.65,"[26000007, 26000011, 28000010, 26000102, 27000001, 28000015, 28000026, 28000009]",7032,"[3903, 2806]",,"[{'name': 'Tower Princess', 'id': 159000000, 'level': 15, 'maxLevel': 14, 'rarity': 'common', 'iconUrls': {'medium': 'https://api-assets.clashroyale.com/cards/300/Nzo5Gjbh7NG6O3Hyu7ev54Pu5zK7vDMR2fbpGdVsS64.png'}}]",7
54000124,0,72000450,Ranked1v1_NewArena,False,False,False,False,False,collection,pathOfLegend_007,,pathOfLegend,08PPG9GLQCG2,1760639190,0,BMG ★ Royal,9RJRL20V,16000122,3.75,2G2L9PRUP,ᴍɪɴᴛᴡʏ,1829,1829,"[{'d': 26000047, 'l': 15, 'nl': 15, 'icon': 'royal_recruits_evolution', 'name': 'Royal Recruits', 'el': 1, 'manaCost': 7}, {'d': 27000012, 'l': 13, 'nl': 15, 'icon': 'goblin_cage_evolution', 'name': 'Goblin Cage', 'el': 1, 'manaCost': 4}, {'d': 26000059, 'l': 13, 'nl': 15, 'icon': 'royal_hog', 'name': 'Royal Hogs', 'manaCost': 5}, {'d': 26000052, 'l': 13, 'nl': 15, 'icon': 'zappies', 'name': 'Zappies', 'manaCost': 4}, {'d': 26000057, 'l': 13, 'nl': 15, 'icon': 'flying_machine', 'name': 'Flying Machine', 'manaCost': 4}, {'d': 26000084, 'l': 15, 'nl': 15, 'icon': 'electrospirit', 'name': 'Electro Spirit', 'manaCost': 1}, {'d': 28000015, 'l': 10, 'nl': 15, 'icon': 'barb_barrel', 'name': 'Barbarian Barrel', 'manaCost': 2}, {'d': 28000001, 'l': 15, 'nl': 15, 'icon': 'order_volley', 'name': 'Arrows', 'manaCost': 3}]",1,0,1,3.16,"[26000047, 27000012, 26000059, 26000052, 26000057, 26000084, 28000015, 28000001]",6705,"[4340, 4424]",,"[{'name': 'Tower Princess', 'id': 159000000, 'level': 15, 'maxLevel': 14, 'rarity': 'common', 'iconUrls': {'medium': 'https://api-assets.clashroyale.com/cards/300/Nzo5Gjbh7NG6O3Hyu7ev54Pu5zK7vDMR2fbpGdVsS64.png'}}]",Excalibur,G2VQYVG8,16000028,3.5,R20PCJPPP,Mika❤️GG,1828,1828,"[{'d': 26000013, 'l': 15, 'nl': 15, 'icon': 'bomber_evolution', 'name': 'Bomber', 'el': 1, 'manaCost': 2}, {'d': 28000008, 'l': 15, 'nl': 15, 'icon': 'zap_evolution', 'name': 'Zap', 'el': 1, 'manaCost': 2}, {'d': 26000003, 'l': 13, 'nl': 15, 'icon': 'giant', 'name': 'Giant', 'manaCost': 5}, {'d': 26000016, 'l': 10, 'nl': 15, 'icon': 'prince', 'name': 'Prince', 'manaCost': 5}, {'d': 26000027, 'l': 10, 'nl': 15, 'icon': 'dark_prince', 'name': 'Dark Prince', 'manaCost': 4}, {'d': 26000039, 'l': 13, 'nl': 15, 'icon': 'mega_minion', 'name': 'Mega Minion', 'manaCost': 3}, {'d': 28000001, 'l': 15, 'nl': 15, 'icon': 'order_volley', 'name': 'Arrows', 'manaCost': 3}, {'d': 28000000, 'l': 13, 'nl': 15, 'icon': 'fire_fireball', 'name': 'Fireball', 'manaCost': 4}]",0,0,-1,2.38,"[26000013, 28000008, 26000003, 26000016, 26000027, 26000039, 28000001, 28000000]",7032,[1196],,"[{'name': 'Dagger Duchess', 'id': 159000002, 'level': 7, 'maxLevel': 6, 'rarity': 'legendary', 'iconUrls': {'medium': 'https://api-assets.clashroyale.com/cards/300/MVj028nMLCmBuP3HlV503uxVAxFg7jyliJVZ5JYJ1h8.png'}}]",7
54000124,0,72000450,Ranked1v1_NewArena,False,False,False,False,False,collection,pathOfLegend_007,,pathOfLegend,08PPG9GL8YV8,1760638979,0,BMG ★ Royal,9RJRL20V,16000122,3.75,2G2L9PRUP,ᴍɪɴᴛᴡʏ,1859,1859,"[{'d': 26000047, 'l': 15, 'nl': 15, 'icon': 'royal_recruits_evolution', 'name': 'Royal Recruits', 'el': 1, 'manaCost': 7}, {'d': 27000012, 'l': 13, 'nl': 15, 'icon': 'goblin_cage_evolution', 'name': 'Goblin Cage', 'el': 1, 'manaCost': 4}, {'d': 26000059, 'l': 13, 'nl': 15, 'icon': 'royal_hog', 'name': 'Royal Hogs', 'manaCost': 5}, {'d': 26000052, 'l': 13, 'nl': 15, 'icon': 'zappies', 'name': 'Zappies', 'manaCost': 4}, {'d': 26000057, 'l': 13, 'nl': 15, 'icon': 'flying_machine', 'name': 'Flying Machine', 'manaCost': 4}, {'d': 26000084, 'l': 15, 'nl': 15, 'icon': 'electrospirit', 'name': 'Electro Spirit', 'manaCost': 1}, {'d': 28000015, 'l': 10, 'nl': 15, 'icon': 'barb_barrel', 'name': 'Barbarian Barrel', 'manaCost': 2}, {'d': 28000001, 'l': 15, 'nl': 15, 'icon': 'order_volley', 'name': 'Arrows', 'manaCost': 3}]",1,0,-1,4.25,"[26000047, 27000012, 26000059, 26000052, 26000057, 26000084, 28000015, 28000001]",4444,,,"[{'name': 'Tower Princess', 'id': 159000000, 'level': 15, 'maxLevel': 14, 'rarity': 'common', 'iconUrls': {'medium': 'https://api-assets.clashroyale.com/cards/300/Nzo5Gjbh7NG6O3Hyu7ev54Pu5zK7vDMR2fbpGdVsS64.png'}}]",Perros,YP0U8PYC,16000162,2.75,9902JLGUG,ALEX,1854,1854,"[{'d': 26000014, 'l': 13, 'nl': 15, 'icon': 'musketeer_evolution', 'name': 'Musketeer', 'el': 1, 'manaCost': 4}, {'d': 26000049, 'l': 15, 'nl': 15, 'icon': 'bats_evolution', 'name': 'Bats', 'el': 1, 'manaCost': 2}, {'d': 26000006, 'l': 10, 'nl': 15, 'icon': 'chr_balloon', 'name': 'Balloon', 'manaCost': 5}, {'d': 26000035, 'l': 7, 'nl': 15, 'icon': 'rage_barbarian', 'name': 'Lumberjack', 'manaCost': 4}, {'d': 26000038, 'l': 13, 'nl': 15, 'icon': 'icegolem', 'name': 'Ice Golem', 'manaCost': 2}, {'d': 26000084, 'l': 15, 'nl': 15, 'icon': 'electrospirit', 'name': 'Electro Spirit', 'manaCost': 1}, {'d': 28000017, 'l': 15, 'nl': 15, 'icon': 'snowball', 'name': 'Giant Snowball', 'manaCost': 2}, {'d': 28000011, 'l': 7, 'nl': 15, 'icon': 'the_log', 'name': 'The Log', 'manaCost': 2}]",2,0,1,6.17,"[26000014, 26000049, 26000006, 26000035, 26000038, 26000084, 28000017, 28000011]",338,[214],,"[{'name': 'Tower Princess', 'id': 159000000, 'level': 15, 'maxLevel': 14, 'rarity': 'common', 'iconUrls': {'medium': 'https://api-assets.clashroyale.com/cards/300/Nzo5Gjbh7NG6O3Hyu7ev54Pu5zK7vDMR2fbpGdVsS64.png'}}]",7
54000124,0,72000450,Ranked1v1_NewArena,False,False,False,False,False,collection,pathOfLegend_007,,pathOfLegend,08PPG9QRGQ09,1760633206,0,BMG ★ Royal,9RJRL20V,16000122,3.75,2G2L9PRUP,ᴍɪɴᴛᴡʏ,1828,1828,"[{'d': 26000047, 'l': 15, 'nl': 15, 'icon': 'royal_recruits_evolution', 'name': 'Royal Recruits', 'el': 1, 'manaCost': 7}, {'d': 27000012, 'l': 13, 'nl': 15, 'icon': 'goblin_cage_evolution', 'name': 'Goblin Cage', 'el': 1, 'manaCost': 4}, {'d': 26000059, 'l': 13, 'nl': 15, 'icon': 'royal_hog', 'name': 'Royal Hogs', 'manaCost': 5}, {'d': 26000052, 'l': 13, 'nl': 15, 'icon': 'zappies', 'name': 'Zappies', 'manaCost': 4}, {'d': 26000057, 'l': 13, 'nl': 15, 'icon': 'flying_machine', 'name': 'Flying Machine', 'manaCost': 4}, {'d': 26000084, 'l': 15, 'nl': 15, 'icon': 'electrospirit', 'name': 'Electro Spirit', 'manaCost': 1}, {'d': 28000015, 'l': 10, 'nl': 15, 'icon': 'barb_barrel', 'name': 'Barbarian Barrel', 'manaCost': 2}, {'d': 28000001, 'l': 15, 'nl': 15, 'icon': 'order_volley', 'name': 'Arrows', 'manaCost': 3}]",1,0,1,6.02,"[26000047, 27000012, 26000059, 26000052, 26000057, 26000084, 28000015, 28000001]",7032,"[4424, 2622]",,"[{'name': 'Tower Princess', 'id': 159000000, 'level': 15, 'maxLevel': 14, 'rarity': 'common', 'iconUrls': {'medium': 'https://api-assets.clashroyale.com/cards/300/Nzo5Gjbh7NG6O3Hyu7ev54Pu5zK7vDMR2fbpGdVsS64.png'}}]",KNIGHTS,LG0QG8G9,16000152,3.0,Y09992228,arc,1843,1843,"[{'d': 26000024, 'l': 15, 'nl': 15, 'icon': 'royalgiant_evolution', 'name': 'Royal Giant', 'el': 1, 'manaCost': 6}, {'d': 26000044, 'l': 10, 'nl': 15, 'icon': 'hunter_evolution', 'name': 'Hunter', 'el': 1, 'manaCost': 4}, {'d': 26000061, 'l': 7, 'nl': 15, 'icon': 'fisherman', 'name': 'Fisherman', 'manaCost': 3}, {'d': 26000050, 'l': 7, 'nl': 15, 'icon': 'ghost', 'name': 'Royal Ghost', 'manaCost': 3}, {'d': 26000010, 'l': 15, 'nl': 15, 'icon': 'skeletons_card', 'name': 'Skeletons', 'manaCost': 1}, {'d': 26000084, 'l': 15, 'nl': 15, 'icon': 'electrospirit', 'name': 'Electro Spirit', 'manaCost': 1}, {'d': 28000015, 'l': 10, 'nl': 15, 'icon': 'barb_barrel', 'name': 'Barbarian Barrel', 'manaCost': 2}, {'d': 28000000, 'l': 13, 'nl': 15, 'icon': 'fire_fireball', 'name': 'Fireball', 'manaCost': 4}]",0,0,-1,5.02,"[26000024, 26000044, 26000061, 26000050, 26000010, 26000084, 28000015, 28000000]",7032,[2929],,"[{'name': 'Tower Princess', 'id': 159000000, 'level': 15, 'maxLevel': 14, 'rarity': 'common', 'iconUrls': {'medium': 'https://api-assets.clashroyale.com/cards/300/Nzo5Gjbh7NG6O3Hyu7ev54Pu5zK7vDMR2fbpGdVsS64.png'}}]",7
54000124,0,72000065,Showdown_Friendly,False,False,False,False,False,collection,battleLadder,,trail,08PPG9QLLGYV,1760631542,1,BMG ★ Royal,9RJRL20V,16000122,3.0,2G2L9PRUP,ᴍɪɴᴛᴡʏ,0,0,"[{'d': 26000030, 'l': 11, 'nl': 11, 'icon': 'snow_spirits_evolution', 'name': 'Ice Spirit', 'el': 1, 'manaCost': 1}, {'d': 27000006, 'l': 11, 'nl': 11, 'icon': 'building_tesla_evolution', 'name': 'Tesla', 'el': 1, 'manaCost': 4}, {'d': 26000032, 'l': 3, 'nl': 11, 'icon': 'miner', 'name': 'Miner', 'manaCost': 3}, {'d': 26000027, 'l': 6, 'nl': 11, 'icon': 'dark_prince', 'name': 'Dark Prince', 'manaCost': 4}, {'d': 26000010, 'l': 11, 'nl': 11, 'icon': 'skeletons_card', 'name': 'Skeletons', 'manaCost': 1}, {'d': 28000011, 'l': 3, 'nl': 11, 'icon': 'the_log', 'name': 'The Log', 'manaCost': 2}, {'d': 28000018, 'l': 11, 'nl': 11, 'icon': 'royal_delivery', 'name': 'Royal Delivery', 'manaCost': 3}, {'d': 28000003, 'l': 9, 'nl': 11, 'icon': 'rocket', 'name': 'Rocket', 'manaCost': 6}]",3,0,1,0.0,"[26000030, 27000006, 26000032, 26000027, 26000010, 28000011, 28000018, 28000003]",4484,"[3052, 3052]",,"[{'name': 'Tower Princess', 'id': 159000000, 'level': 11, 'maxLevel': 14, 'rarity': 'common', 'iconUrls': {'medium': 'https://api-assets.clashroyale.com/cards/300/Nzo5Gjbh7NG6O3Hyu7ev54Pu5zK7vDMR2fbpGdVsS64.png'}}]",HELLO KITTY,QVUC0CVP,16000128,3.88,8UJPLUYYP,tralalala,0,0,"[{'d': 26000017, 'l': 9, 'nl': 11, 'icon': 'wizard_evolution', 'name': 'Wizard', 'el': 1, 'manaCost': 5}, {'d': 26000013, 'l': 11, 'nl': 11, 'icon': 'bomber_evolution', 'name': 'Bomber', 'el': 1, 'manaCost': 2}, {'d': 26000003, 'l': 9, 'nl': 11, 'icon': 'giant', 'name': 'Giant', 'manaCost': 5}, {'d': 26000016, 'l': 6, 'nl': 11, 'icon': 'prince', 'name': 'Prince', 'manaCost': 5}, {'d': 26000027, 'l': 6, 'nl': 11, 'icon': 'dark_prince', 'name': 'Dark Prince', 'manaCost': 4}, {'d': 28000002, 'l': 6, 'nl': 11, 'icon': 'rage', 'name': 'Rage', 'manaCost': 2}, {'d': 28000015, 'l': 6, 'nl': 11, 'icon': 'barb_barrel', 'name': 'Barbarian Barrel', 'manaCost': 2}, {'d': 28000007, 'l': 6, 'nl': 11, 'icon': 'lightning', 'name': 'Lightning', 'manaCost': 6}]",0,0,-1,8.3,"[26000017, 26000013, 26000003, 26000016, 26000027, 28000002, 28000015, 28000007]",0,,,"[{'name': 'Tower Princess', 'id': 159000000, 'level': 11, 'maxLevel': 14, 'rarity': 'common', 'iconUrls': {'medium': 'https://api-assets.clashroyale.com/cards/300/Nzo5Gjbh7NG6O3Hyu7ev54Pu5zK7vDMR2fbpGdVsS64.png'}}]",1
54000124,0,72000065,Showdown_Friendly,False,False,False,False,False,collection,battleLadder,,trail,08GPYCU2YJYP,1760631473,1,BMG ★ Royal,9RJRL20V,16000122,3.0,2G2L9PRUP,ᴍɪɴᴛᴡʏ,0,0,"[{'d': 26000030, 'l': 11, 'nl': 11, 'icon': 'snow_spirits_evolution', 'name': 'Ice Spirit', 'el': 1, 'manaCost': 1}, {'d': 27000006, 'l': 11, 'nl': 11, 'icon': 'building_tesla_evolution', 'name': 'Tesla', 'el': 1, 'manaCost': 4}, {'d': 26000032, 'l': 3, 'nl': 11, 'icon': 'miner', 'name': 'Miner', 'manaCost': 3}, {'d': 26000027, 'l': 6, 'nl': 11, 'icon': 'dark_prince', 'name': 'Dark Prince', 'manaCost': 4}, {'d': 26000010, 'l': 11, 'nl': 11, 'icon': 'skeletons_card', 'name': 'Skeletons', 'manaCost': 1}, {'d': 28000011, 'l': 3, 'nl': 11, 'icon': 'the_log', 'name': 'The Log', 'manaCost': 2}, {'d': 28000018, 'l': 11, 'nl': 11, 'icon': 'royal_delivery', 'name': 'Royal Delivery', 'manaCost': 3}, {'d': 28000003, 'l': 9, 'nl': 11, 'icon': 'rocket', 'name': 'Rocket', 'manaCost': 6}]",1,0,1,0.16,"[26000030, 27000006, 26000032, 26000027, 26000010, 28000011, 28000018, 28000003]",4824,"[3052, 1269]",,"[{'name': 'Tower Princess', 'id': 159000000, 'level': 11, 'maxLevel': 14, 'rarity': 'common', 'iconUrls': {'medium': 'https://api-assets.clashroyale.com/cards/300/Nzo5Gjbh7NG6O3Hyu7ev54Pu5zK7vDMR2fbpGdVsS64.png'}}]",DESTRUCTORES,QP9RUL92,16000015,2.63,JJVQ9Q0J0,Combatiente,0,0,"[{'d': 27000006, 'l': 11, 'nl': 11, 'icon': 'building_tesla_evolution', 'name': 'Tesla', 'el': 1, 'manaCost': 4}, {'d': 26000095, 'l': 9, 'nl': 11, 'icon': 'goblindemolisher', 'name': 'Goblin Demolisher', 'manaCost': 4}, {'d': 26000102, 'l': 11, 'nl': 11, 'icon': 'berserker_card', 'name': 'Berserker', 'manaCost': 2}, {'d': 26000010, 'l': 11, 'nl': 11, 'icon': 'skeletons_card', 'name': 'Skeletons', 'manaCost': 1}, {'d': 26000031, 'l': 11, 'nl': 11, 'icon': 'fire_spirits', 'name': 'Fire Spirit', 'manaCost': 1}, {'d': 27000013, 'l': 6, 'nl': 11, 'icon': 'goblindrill', 'name': 'Goblin Drill', 'manaCost': 4}, {'d': 28000017, 'l': 11, 'nl': 11, 'icon': 'snowball', 'name': 'Giant Snowball', 'manaCost': 2}, {'d': 28000026, 'l': 6, 'nl': 11, 'icon': 'vines_spell', 'name': 'Vines', 'manaCost': 3}]",0,0,-1,0.0,"[27000006, 26000095, 26000102, 26000010, 26000031, 27000013, 28000017, 28000026]",4824,[3052],,"[{'name': 'Tower Princess', 'id': 159000000, 'level': 11, 'maxLevel': 14, 'rarity': 'common', 'iconUrls': {'medium': 'https://api-assets.clashroyale.com/cards/300/Nzo5Gjbh7NG6O3Hyu7ev54Pu5zK7vDMR2fbpGdVsS64.png'}}]",1
54000124,0,72000065,Showdown_Friendly,False,False,False,False,False,collection,battleLadder,,trail,08PPG9QYURQR,1760631243,1,BMG ★ Royal,9RJRL20V,16000122,3.0,2G2L9PRUP,ᴍɪɴᴛᴡʏ,0,0,"[{'d': 26000030, 'l': 11, 'nl': 11, 'icon': 'snow_spirits_evolution', 'name': 'Ice Spirit', 'el': 1, 'manaCost': 1}, {'d': 27000006, 'l': 11, 'nl': 11, 'icon': 'building_tesla_evolution', 'name': 'Tesla', 'el': 1, 'manaCost': 4}, {'d': 26000032, 'l': 3, 'nl': 11, 'icon': 'miner', 'name': 'Miner', 'manaCost': 3}, {'d': 26000027, 'l': 6, 'nl': 11, 'icon': 'dark_prince', 'name': 'Dark Prince', 'manaCost': 4}, {'d': 26000010, 'l': 11, 'nl': 11, 'icon': 'skeletons_card', 'name': 'Skeletons', 'manaCost': 1}, {'d': 28000011, 'l': 3, 'nl': 11, 'icon': 'the_log', 'name': 'The Log', 'manaCost': 2}, {'d': 28000018, 'l': 11, 'nl': 11, 'icon': 'royal_delivery', 'name': 'Royal Delivery', 'manaCost': 3}, {'d': 28000003, 'l': 9, 'nl': 11, 'icon': 'rocket', 'name': 'Rocket', 'manaCost': 6}]",1,0,1,4.41,"[26000030, 27000006, 26000032, 26000027, 26000010, 28000011, 28000018, 28000003]",4824,"[762, 3052]",,"[{'name': 'Tower Princess', 'id': 159000000, 'level': 11, 'maxLevel': 14, 'rarity': 'common', 'iconUrls': {'medium': 'https://api-assets.clashroyale.com/cards/300/Nzo5Gjbh7NG6O3Hyu7ev54Pu5zK7vDMR2fbpGdVsS64.png'}}]",67CLAN,G980998Q,16000002,2.75,R0GUJ2YG0,Long Schlang,0,0,"[{'d': 27000006, 'l': 11, 'nl': 11, 'icon': 'building_tesla_evolution', 'name': 'Tesla', 'el': 1, 'manaCost': 4}, {'d': 28000017, 'l': 11, 'nl': 11, 'icon': 'snowball_evolution', 'name': 'Giant Snowball', 'el': 1, 'manaCost': 2}, {'d': 27000008, 'l': 6, 'nl': 11, 'icon': 'building_xbow', 'name': 'X-Bow', 'manaCost': 6}, {'d': 26000014, 'l': 9, 'nl': 11, 'icon': 'musketeer', 'name': 'Musketeer', 'manaCost': 4}, {'d': 26000038, 'l': 9, 'nl': 11, 'icon': 'icegolem', 'name': 'Ice Golem', 'manaCost': 2}, {'d': 26000010, 'l': 11, 'nl': 11, 'icon': 'skeletons_card', 'name': 'Skeletons', 'manaCost': 1}, {'d': 26000030, 'l': 11, 'nl': 11, 'icon': 'snow_spirits', 'name': 'Ice Spirit', 'manaCost': 1}, {'d': 28000011, 'l': 3, 'nl': 11, 'icon': 'the_log', 'name': 'The Log', 'manaCost': 2}]",0,0,-1,16.41,"[27000006, 28000017, 27000008, 26000014, 26000038, 26000010, 26000030, 28000011]",4824,[2538],,"[{'name': 'Tower Princess', 'id': 159000000, 'level': 11, 'maxLevel': 14, 'rarity': 'common', 'iconUrls': {'medium': 'https://api-assets.clashroyale.com/cards/300/Nzo5Gjbh7NG6O3Hyu7ev54Pu5zK7vDMR2fbpGdVsS64.png'}}]",1
54000124,0,72000450,Ranked1v1_NewArena,False,False,False,False,False,collection,pathOfLegend_007,,pathOfLegend,000PU9U8VG0U,1760630963,0,BMG ★ Royal,9RJRL20V,16000122,3.75,2G2L9PRUP,ᴍɪɴᴛᴡʏ,1799,1799,"[{'d': 26000047, 'l': 15, 'nl': 15, 'icon': 'royal_recruits_evolution', 'name': 'Royal Recruits', 'el': 1, 'manaCost': 7}, {'d': 27000012, 'l': 13, 'nl': 15, 'icon': 'goblin_cage_evolution', 'name': 'Goblin Cage', 'el': 1, 'manaCost': 4}, {'d': 26000059, 'l': 13, 'nl': 15, 'icon': 'royal_hog', 'name': 'Royal Hogs', 'manaCost': 5}, {'d': 26000052, 'l': 13, 'nl': 15, 'icon': 'zappies', 'name': 'Zappies', 'manaCost': 4}, {'d': 26000057, 'l': 13, 'nl': 15, 'icon': 'flying_machine', 'name': 'Flying Machine', 'manaCost': 4}, {'d': 26000084, 'l': 15, 'nl': 15, 'icon': 'electrospirit', 'name': 'Electro Spirit', 'manaCost': 1}, {'d': 28000015, 'l': 10, 'nl': 15, 'icon': 'barb_barrel', 'name': 'Barbarian Barrel', 'manaCost': 2}, {'d': 28000001, 'l': 15, 'nl': 15, 'icon': 'order_volley', 'name': 'Arrows', 'manaCost': 3}]",1,0,1,11.71,"[26000047, 27000012, 26000059, 26000052, 26000057, 26000084, 28000015, 28000001]",7032,"[3169, 2183]",,"[{'name': 'Tower Princess', 'id': 159000000, 'level': 15, 'maxLevel': 14, 'rarity': 'common', 'iconUrls': {'medium': 'https://api-assets.clashroyale.com/cards/300/Nzo5Gjbh7NG6O3Hyu7ev54Pu5zK7vDMR2fbpGdVsS64.png'}}]",ClariS,R28LPVGU,16000170,4.13,28URVRY0P,샤프,1791,1791,"[{'d': 26000015, 'l': 10, 'nl': 15, 'icon': 'baby_dragon_evolution', 'name': 'Baby Dragon', 'el': 1, 'manaCost': 4}, {'d': 26000000, 'l': 15, 'nl': 15, 'icon': 'knight_evolution', 'name': 'Knight', 'el': 1, 'manaCost': 3}, {'d': 26000085, 'l': 10, 'nl': 15, 'icon': 'electrogiant', 'name': 'Electro Giant', 'manaCost': 7}, {'d': 26000034, 'l': 10, 'nl': 15, 'icon': 'bowler', 'name': 'Bowler', 'manaCost': 5}, {'d': 27000000, 'l': 15, 'nl': 15, 'icon': 'chaos_cannon', 'name': 'Cannon', 'manaCost': 3}, {'d': 28000015, 'l': 10, 'nl': 15, 'icon': 'barb_barrel', 'name': 'Barbarian Barrel', 'manaCost': 2}, {'d': 28000012, 'l': 10, 'nl': 15, 'icon': 'tornado', 'name': 'Tornado', 'manaCost': 3}, {'d': 28000007, 'l': 10, 'nl': 15, 'icon': 'lightning', 'name': 'Lightning', 'manaCost': 6}]",0,0,-1,9.71,"[26000015, 26000000, 26000085, 26000034, 27000000, 28000015, 28000012, 28000007]",6176,[741],,"[{'name': 'Tower Princess', 'id': 159000000, 'level': 15, 'maxLevel': 14, 'rarity': 'common', 'iconUrls': {'medium': 'https://api-assets.clashroyale.com/cards/300/Nzo5Gjbh7NG6O3Hyu7ev54Pu5zK7vDMR2fbpGdVsS64.png'}}]",7
54000124,0,72000450,Ranked1v1_NewArena,False,False,False,False,False,collection,pathOfLegend_007,,pathOfLegend,08PPG9QPC8RU,1760630647,0,BMG ★ Royal,9RJRL20V,16000122,3.75,2G2L9PRUP,ᴍɪɴᴛᴡʏ,1770,1770,"[{'d': 26000047, 'l': 15, 'nl': 15, 'icon': 'royal_recruits_evolution', 'name': 'Royal Recruits', 'el': 1, 'manaCost': 7}, {'d': 27000012, 'l': 13, 'nl': 15, 'icon': 'goblin_cage_evolution', 'name': 'Goblin Cage', 'el': 1, 'manaCost': 4}, {'d': 26000059, 'l': 13, 'nl': 15, 'icon': 'royal_hog', 'name': 'Royal Hogs', 'manaCost': 5}, {'d': 26000052, 'l': 13, 'nl': 15, 'icon': 'zappies', 'name': 'Zappies', 'manaCost': 4}, {'d': 26000057, 'l': 13, 'nl': 15, 'icon': 'flying_machine', 'name': 'Flying Machine', 'manaCost': 4}, {'d': 26000084, 'l': 15, 'nl': 15, 'icon': 'electrospirit', 'name': 'Electro Spirit', 'manaCost': 1}, {'d': 28000015, 'l': 10, 'nl': 15, 'icon': 'barb_barrel', 'name': 'Barbarian Barrel', 'manaCost': 2}, {'d': 28000001, 'l': 15, 'nl': 15, 'icon': 'order_volley', 'name': 'Arrows', 'manaCost': 3}]",1,0,1,3.01,"[26000047, 27000012, 26000059, 26000052, 26000057, 26000084, 28000015, 28000001]",7032,"[4424, 487]",,"[{'name': 'Tower Princess', 'id': 159000000, 'level': 15, 'maxLevel': 14, 'rarity': 'common', 'iconUrls': {'medium': 'https://api-assets.clashroyale.com/cards/300/Nzo5Gjbh7NG6O3Hyu7ev54Pu5zK7vDMR2fbpGdVsS64.png'}}]",りばーぷっく,L0RYRQ,16000054,3.5,82G08JLUP,Mearu,1767,1767,"[{'d': 27000010, 'l': 13, 'nl': 15, 'icon': 'furnace_card_evolution', 'name': 'Furnace', 'el': 1, 'manaCost': 4}, {'d': 28000008, 'l': 15, 'nl': 15, 'icon': 'zap_evolution', 'name': 'Zap', 'el': 1, 'manaCost': 2}, {'d': 26000051, 'l': 7, 'nl': 15, 'icon': 'ram_rider', 'name': 'Ram Rider', 'manaCost': 5}, {'d': 26000103, 'l': 5, 'nl': 15, 'icon': 'bossbandit_card', 'name': 'Boss Bandit', 'manaCost': 6}, {'d': 26000010, 'l': 15, 'nl': 15, 'icon': 'skeletons_card', 'name': 'Skeletons', 'manaCost': 1}, {'d': 28000024, 'l': 10, 'nl': 15, 'icon': 'goblincurse', 'name': 'Goblin Curse', 'manaCost': 2}, {'d': 28000015, 'l': 10, 'nl': 15, 'icon': 'barb_barrel', 'name': 'Barbarian Barrel', 'manaCost': 2}, {'d': 28000025, 'l': 7, 'nl': 15, 'icon': 'mergemaiden_dragon_card', 'name': 'Spirit Empress', 'manaCost': 6}]",0,0,-1,2.33,"[27000010, 28000008, 26000051, 26000103, 26000010, 28000024, 28000015, 28000025]",6308,[2347],,"[{'name': 'Tower Princess', 'id': 159000000, 'level': 15, 'maxLevel': 14, 'rarity': 'common', 'iconUrls': {'medium': 'https://api-assets.clashroyale.com/cards/300/Nzo5Gjbh7NG6O3Hyu7ev54Pu5zK7vDMR2fbpGdVsS64.png'}}]",7
54000124,0,72000450,Ranked1v1_NewArena,False,False,False,False,False,collection,pathOfLegend_007,,pathOfLegend,08PPG9QPLPG8,1760630456,0,BMG ★ Royal,9RJRL20V,16000122,3.75,2G2L9PRUP,ᴍɪɴᴛᴡʏ,1800,1800,"[{'d': 26000047, 'l': 15, 'nl': 15, 'icon': 'royal_recruits_evolution', 'name': 'Royal Recruits', 'el': 1, 'manaCost': 7}, {'d': 27000012, 'l': 13, 'nl': 15, 'icon': 'goblin_cage_evolution', 'name': 'Goblin Cage', 'el': 1, 'manaCost': 4}, {'d': 26000059, 'l': 13, 'nl': 15, 'icon': 'royal_hog', 'name': 'Royal Hogs', 'manaCost': 5}, {'d': 26000052, 'l': 13, 'nl': 15, 'icon': 'zappies', 'name': 'Zappies', 'manaCost': 4}, {'d': 26000057, 'l': 13, 'nl': 15, 'icon': 'flying_machine', 'name': 'Flying Machine', 'manaCost': 4}, {'d': 26000084, 'l': 15, 'nl': 15, 'icon': 'electrospirit', 'name': 'Electro Spirit', 'manaCost': 1}, {'d': 28000015, 'l': 10, 'nl': 15, 'icon': 'barb_barrel', 'name': 'Barbarian Barrel', 'manaCost': 2}, {'d': 28000001, 'l': 15, 'nl': 15, 'icon': 'order_volley', 'name': 'Arrows', 'manaCost': 3}]",1,0,-1,0.32,"[26000047, 27000012, 26000059, 26000052, 26000057, 26000084, 28000015, 28000001]",0,,,"[{'name': 'Tower Princess', 'id': 159000000, 'level': 15, 'maxLevel': 14, 'rarity': 'common', 'iconUrls': {'medium': 'https://api-assets.clashroyale.com/cards/300/Nzo5Gjbh7NG6O3Hyu7ev54Pu5zK7vDMR2fbpGdVsS64.png'}}]",#THE1,GJ2YVP0R,16000092,4.63,PLL9Y0YVG,SEMITA,1797,1797,"[{'d': 26000007, 'l': 10, 'nl': 15, 'icon': 'witch_evolution', 'name': 'Witch', 'el': 1, 'manaCost': 5}, {'d': 26000015, 'l': 10, 'nl': 15, 'icon': 'baby_dragon_evolution', 'name': 'Baby Dragon', 'el': 1, 'manaCost': 4}, {'d': 26000009, 'l': 10, 'nl': 15, 'icon': 'chr_golem', 'name': 'Golem', 'manaCost': 8}, {'d': 26000008, 'l': 15, 'nl': 15, 'icon': 'barbarian_card', 'name': 'Barbarians', 'manaCost': 5}, {'d': 26000068, 'l': 13, 'nl': 15, 'icon': 'battle_healer', 'name': 'Battle Healer', 'manaCost': 4}, {'d': 26000102, 'l': 15, 'nl': 15, 'icon': 'berserker_card', 'name': 'Berserker', 'manaCost': 2}, {'d': 27000007, 'l': 13, 'nl': 15, 'icon': 'building_elixir_collector', 'name': 'Elixir Collector', 'manaCost': 6}, {'d': 28000026, 'l': 10, 'nl': 15, 'icon': 'vines_spell', 'name': 'Vines', 'manaCost': 3}]",3,0,1,0.0,"[26000007, 26000015, 26000009, 26000008, 26000068, 26000102, 27000007, 28000026]",4357,[3918],,"[{'name': 'Royal Chef', 'id': 159000004, 'level': 7, 'maxLevel': 6, 'rarity': 'legendary', 'iconUrls': {'medium': 'https://api-assets.clashroyale.com/cards/300/CLxP2o0iX7q9peMkekI8Ki4DgWixra8L5aUbiAeBU9U.png'}}]",7
54000124,0,72000450,Ranked1v1_NewArena,False,False,False,False,False,collection,pathOfLegend_007,,pathOfLegend,02GPRRP8009Q,1760630284,0,BMG ★ Royal,9RJRL20V,16000122,3.75,2G2L9PRUP,ᴍɪɴᴛᴡʏ,1830,1830,"[{'d': 26000047, 'l': 15, 'nl': 15, 'icon': 'royal_recruits_evolution', 'name': 'Royal Recruits', 'el': 1, 'manaCost': 7}, {'d': 27000012, 'l': 13, 'nl': 15, 'icon': 'goblin_cage_evolution', 'name': 'Goblin Cage', 'el': 1, 'manaCost': 4}, {'d': 26000059, 'l': 13, 'nl': 15, 'icon': 'royal_hog', 'name': 'Royal Hogs', 'manaCost': 5}, {'d': 26000052, 'l': 13, 'nl': 15, 'icon': 'zappies', 'name': 'Zappies', 'manaCost': 4}, {'d': 26000057, 'l': 13, 'nl': 15, 'icon': 'flying_machine', 'name': 'Flying Machine', 'manaCost': 4}, {'d': 26000084, 'l': 15, 'nl': 15, 'icon': 'electrospirit', 'name': 'Electro Spirit', 'manaCost': 1}, {'d': 28000015, 'l': 10, 'nl': 15, 'icon': 'barb_barrel', 'name': 'Barbarian Barrel', 'manaCost': 2}, {'d': 28000001, 'l': 15, 'nl': 15, 'icon': 'order_volley', 'name': 'Arrows', 'manaCost': 3}]",0,0,-1,7.92,"[26000047, 27000012, 26000059, 26000052, 26000057, 26000084, 28000015, 28000001]",7032,[2751],,"[{'name': 'Tower Princess', 'id': 159000000, 'level': 15, 'maxLevel': 14, 'rarity': 'common', 'iconUrls': {'medium': 'https://api-assets.clashroyale.com/cards/300/Nzo5Gjbh7NG6O3Hyu7ev54Pu5zK7vDMR2fbpGdVsS64.png'}}]",Alpha Warriors,JPY0QV,16000004,3.63,GJJC9RP,roethor,1828,1828,"[{'d': 27000013, 'l': 10, 'nl': 15, 'icon': 'goblindrill_evolution', 'name': 'Goblin Drill', 'el': 1, 'manaCost': 4}, {'d': 27000012, 'l': 13, 'nl': 15, 'icon': 'goblin_cage_evolution', 'name': 'Goblin Cage', 'el': 1, 'manaCost': 4}, {'d': 26000034, 'l': 10, 'nl': 15, 'icon': 'bowler', 'name': 'Bowler', 'manaCost': 5}, {'d': 26000087, 'l': 7, 'nl': 15, 'icon': 'phoenix', 'name': 'Phoenix', 'manaCost': 4}, {'d': 26000023, 'l': 7, 'nl': 15, 'icon': 'ice_wizard', 'name': 'Ice Wizard', 'manaCost': 3}, {'d': 28000015, 'l': 10, 'nl': 15, 'icon': 'barb_barrel', 'name': 'Barbarian Barrel', 'manaCost': 2}, {'d': 28000012, 'l': 10, 'nl': 15, 'icon': 'tornado', 'name': 'Tornado', 'manaCost': 3}, {'d': 28000009, 'l': 10, 'nl': 15, 'icon': 'poison', 'name': 'Poison', 'manaCost': 4}]",1,0,1,9.92,"[27000013, 27000012, 26000034, 26000087, 26000023, 28000015, 28000012, 28000009]",7032,"[3033, 3199]",,"[{'name': 'Tower Princess', 'id': 159000000, 'level': 15, 'maxLevel': 14, 'rarity': 'common', 'iconUrls': {'medium': 'https://api-assets.clashroyale.com/cards/300/Nzo5Gjbh7NG6O3Hyu7ev54Pu5zK7vDMR2fbpGdVsS64.png'}}]",7
54000124,0,72000450,Ranked1v1_NewArena,False,False,False,False,False,collection,pathOfLegend_007,,pathOfLegend,08PPG9Q9L2CY,1760629915,0,BMG ★ Royal,9RJRL20V,16000122,3.75,2G2L9PRUP,ᴍɪɴᴛᴡʏ,1801,1801,"[{'d': 26000047, 'l': 15, 'nl': 15, 'icon': 'royal_recruits_evolution', 'name': 'Royal Recruits', 'el': 1, 'manaCost': 7}, {'d': 27000012, 'l': 13, 'nl': 15, 'icon': 'goblin_cage_evolution', 'name': 'Goblin Cage', 'el': 1, 'manaCost': 4}, {'d': 26000059, 'l': 13, 'nl': 15, 'icon': 'royal_hog', 'name': 'Royal Hogs', 'manaCost': 5}, {'d': 26000052, 'l': 13, 'nl': 15, 'icon': 'zappies', 'name': 'Zappies', 'manaCost': 4}, {'d': 26000057, 'l': 13, 'nl': 15, 'icon': 'flying_machine', 'name': 'Flying Machine', 'manaCost': 4}, {'d': 26000084, 'l': 15, 'nl': 15, 'icon': 'electrospirit', 'name': 'Electro Spirit', 'manaCost': 1}, {'d': 28000015, 'l': 10, 'nl': 15, 'icon': 'barb_barrel', 'name': 'Barbarian Barrel', 'manaCost': 2}, {'d': 28000001, 'l': 15, 'nl': 15, 'icon': 'order_volley', 'name': 'Arrows', 'manaCost': 3}]",1,0,1,1.11,"[26000047, 27000012, 26000059, 26000052, 26000057, 26000084, 28000015, 28000001]",7032,"[4305, 3837]",,"[{'name': 'Tower Princess', 'id': 159000000, 'level': 15, 'maxLevel': 14, 'rarity': 'common', 'iconUrls': {'medium': 'https://api-assets.clashroyale.com/cards/300/Nzo5Gjbh7NG6O3Hyu7ev54Pu5zK7vDMR2fbpGdVsS64.png'}}]",Otsutsuki™,RYP20UUQ,16000125,4.13,8YQY9JRY,AKT EL ANGEL,1795,1795,"[{'d': 26000058, 'l': 10, 'nl': 15, 'icon': 'wallbreaker_evolution', 'name': 'Wall Breakers', 'el': 1, 'manaCost': 2}, {'d': 26000047, 'l': 15, 'nl': 15, 'icon': 'royal_recruits_evolution', 'name': 'Royal Recruits', 'el': 1, 'manaCost': 7}, {'d': 26000065, 'l': 5, 'nl': 15, 'icon': 'mightyminer', 'name': 'Mighty Miner', 'manaCost': 4}, {'d': 26000095, 'l': 13, 'nl': 15, 'icon': 'goblindemolisher', 'name': 'Goblin Demolisher', 'manaCost': 4}, {'d': 26000083, 'l': 7, 'nl': 15, 'icon': 'motherwitch', 'name': 'Mother Witch', 'manaCost': 4}, {'d': 26000041, 'l': 15, 'nl': 15, 'icon': 'goblin_gang', 'name': 'Goblin Gang', 'manaCost': 3}, {'d': 28000001, 'l': 15, 'nl': 15, 'icon': 'order_volley', 'name': 'Arrows', 'manaCost': 3}, {'d': 28000007, 'l': 10, 'nl': 15, 'icon': 'lightning', 'name': 'Lightning', 'manaCost': 6}]",0,0,-1,2.41,"[26000058, 26000047, 26000065, 26000095, 26000083, 26000041, 28000001, 28000007]",6283,[3235],,"[{'name': 'Cannoneer', 'id': 159000001, 'level': 10, 'maxLevel': 9, 'rarity': 'epic', 'iconUrls': {'medium': 'https://api-assets.clashroyale.com/cards/300/cUfU4UowRdbIiRvxv0ns4ezQUNndJTy7D2q4I_K_fzg.png'}}]",7
54000124,0,72000450,Ranked1v1_NewArena,False,False,False,False,False,collection,pathOfLegend_007,,pathOfLegend,088PG9G9QGVY,1760629670,0,BMG ★ Royal,9RJRL20V,16000122,3.75,2G2L9PRUP,ᴍɪɴᴛᴡʏ,1771,1771,"[{'d': 26000047, 'l': 15, 'nl': 15, 'icon': 'royal_recruits_evolution', 'name': 'Royal Recruits', 'el': 1, 'manaCost': 7}, {'d': 27000012, 'l': 13, 'nl': 15, 'icon': 'goblin_cage_evolution', 'name': 'Goblin Cage', 'el': 1, 'manaCost': 4}, {'d': 26000059, 'l': 13, 'nl': 15, 'icon': 'royal_hog', 'name': 'Royal Hogs', 'manaCost': 5}, {'d': 26000052, 'l': 13, 'nl': 15, 'icon': 'zappies', 'name': 'Zappies', 'manaCost': 4}, {'d': 26000057, 'l': 13, 'nl': 15, 'icon': 'flying_machine', 'name': 'Flying Machine', 'manaCost': 4}, {'d': 26000084, 'l': 15, 'nl': 15, 'icon': 'electrospirit', 'name': 'Electro Spirit', 'manaCost': 1}, {'d': 28000015, 'l': 10, 'nl': 15, 'icon': 'barb_barrel', 'name': 'Barbarian Barrel', 'manaCost': 2}, {'d': 28000001, 'l': 15, 'nl': 15, 'icon': 'order_volley', 'name': 'Arrows', 'manaCost': 3}]",1,0,1,4.29,"[26000047, 27000012, 26000059, 26000052, 26000057, 26000084, 28000015, 28000001]",5771,"[1825, 2784]",,"[{'name': 'Tower Princess', 'id': 159000000, 'level': 15, 'maxLevel': 14, 'rarity': 'common', 'iconUrls': {'medium': 'https://api-assets.clashroyale.com/cards/300/Nzo5Gjbh7NG6O3Hyu7ev54Pu5zK7vDMR2fbpGdVsS64.png'}}]",Nordic Faze,Q9CRJ0GG,16000139,3.25,8QR20QYCG,Drako™,1777,1777,"[{'d': 26000024, 'l': 15, 'nl': 15, 'icon': 'royalgiant_evolution', 'name': 'Royal Giant', 'el': 1, 'manaCost': 6}, {'d': 26000044, 'l': 10, 'nl': 15, 'icon': 'hunter_evolution', 'name': 'Hunter', 'el': 1, 'manaCost': 4}, {'d': 26000061, 'l': 7, 'nl': 15, 'icon': 'fisherman', 'name': 'Fisherman', 'manaCost': 3}, {'d': 26000050, 'l': 7, 'nl': 15, 'icon': 'ghost', 'name': 'Royal Ghost', 'manaCost': 3}, {'d': 26000010, 'l': 15, 'nl': 15, 'icon': 'skeletons_card', 'name': 'Skeletons', 'manaCost': 1}, {'d': 26000084, 'l': 15, 'nl': 15, 'icon': 'electrospirit', 'name': 'Electro Spirit', 'manaCost': 1}, {'d': 28000015, 'l': 10, 'nl': 15, 'icon': 'barb_barrel', 'name': 'Barbarian Barrel', 'manaCost': 2}, {'d': 28000007, 'l': 10, 'nl': 15, 'icon': 'lightning', 'name': 'Lightning', 'manaCost': 6}]",0,0,-1,2.83,"[26000024, 26000044, 26000061, 26000050, 26000010, 26000084, 28000015, 28000007]",5771,[2243],,"[{'name': 'Tower Princess', 'id': 159000000, 'level': 15, 'maxLevel': 14, 'rarity': 'common', 'iconUrls': {'medium': 'https://api-assets.clashroyale.com/cards/300/Nzo5Gjbh7NG6O3Hyu7ev54Pu5zK7vDMR2fbpGdVsS64.png'}}]",7
54000124,0,72000450,Ranked1v1_NewArena,False,False,False,False,False,collection,pathOfLegend_007,,pathOfLegend,00QPJLVRUP2L,1760629356,0,BMG ★ Royal,9RJRL20V,16000122,3.75,2G2L9PRUP,ᴍɪɴᴛᴡʏ,1800,1800,"[{'d': 26000047, 'l': 15, 'nl': 15, 'icon': 'royal_recruits_evolution', 'name': 'Royal Recruits', 'el': 1, 'manaCost': 7}, {'d': 27000012, 'l': 13, 'nl': 15, 'icon': 'goblin_cage_evolution', 'name': 'Goblin Cage', 'el': 1, 'manaCost': 4}, {'d': 26000059, 'l': 13, 'nl': 15, 'icon': 'royal_hog', 'name': 'Royal Hogs', 'manaCost': 5}, {'d': 26000052, 'l': 13, 'nl': 15, 'icon': 'zappies', 'name': 'Zappies', 'manaCost': 4}, {'d': 26000057, 'l': 13, 'nl': 15, 'icon': 'flying_machine', 'name': 'Flying Machine', 'manaCost': 4}, {'d': 26000084, 'l': 15, 'nl': 15, 'icon': 'electrospirit', 'name': 'Electro Spirit', 'manaCost': 1}, {'d': 28000015, 'l': 10, 'nl': 15, 'icon': 'barb_barrel', 'name': 'Barbarian Barrel', 'manaCost': 2}, {'d': 28000001, 'l': 15, 'nl': 15, 'icon': 'order_volley', 'name': 'Arrows', 'manaCost': 3}]",0,0,-1,10.72,"[26000047, 27000012, 26000059, 26000052, 26000057, 26000084, 28000015, 28000001]",7032,[2155],,"[{'name': 'Tower Princess', 'id': 159000000, 'level': 15, 'maxLevel': 14, 'rarity': 'common', 'iconUrls': {'medium': 'https://api-assets.clashroyale.com/cards/300/Nzo5Gjbh7NG6O3Hyu7ev54Pu5zK7vDMR2fbpGdVsS64.png'}}]",wez. tn,G2CCRLRV,16000020,3.38,URVRJ9V,Karma™️,1801,1801,"[{'d': 27000002, 'l': 15, 'nl': 15, 'icon': 'building_mortar_evolution', 'name': 'Mortar', 'el': 1, 'manaCost': 4}, {'d': 26000012, 'l': 10, 'nl': 15, 'icon': 'skeleton_horde_evolution', 'name': 'Skeleton Army', 'el': 1, 'manaCost': 3}, {'d': 26000069, 'l': 5, 'nl': 15, 'icon': 'skeletonking', 'name': 'Skeleton King', 'manaCost': 4}, {'d': 26000032, 'l': 7, 'nl': 15, 'icon': 'miner', 'name': 'Miner', 'manaCost': 3}, {'d': 26000080, 'l': 15, 'nl': 15, 'icon': 'skeletondragon', 'name': 'Skeleton Dragons', 'manaCost': 4}, {'d': 26000083, 'l': 7, 'nl': 15, 'icon': 'motherwitch', 'name': 'Mother Witch', 'manaCost': 4}, {'d': 26000019, 'l': 15, 'nl': 15, 'icon': 'goblin_archer', 'name': 'Spear Goblins', 'manaCost': 2}, {'d': 28000001, 'l': 15, 'nl': 15, 'icon': 'order_volley', 'name': 'Arrows', 'manaCost': 3}]",1,0,1,5.72,"[27000002, 26000012, 26000069, 26000032, 26000080, 26000083, 26000019, 28000001]",7032,"[3554, 3088]",,"[{'name': 'Tower Princess', 'id': 159000000, 'level': 15, 'maxLevel': 14, 'rarity': 'common', 'iconUrls': {'medium': 'https://api-assets.clashroyale.com/cards/300/Nzo5Gjbh7NG6O3Hyu7ev54Pu5zK7vDMR2fbpGdVsS64.png'}}]",7
54000124,0,72000450,Ranked1v1_NewArena,False,False,False,False,False,collection,pathOfLegend_007,,pathOfLegend,02JPRGU9R2RL,1760629070,0,BMG ★ Royal,9RJRL20V,16000122,3.75,2G2L9PRUP,ᴍɪɴᴛᴡʏ,1829,1829,"[{'d': 26000047, 'l': 15, 'nl': 15, 'icon': 'royal_recruits_evolution', 'name': 'Royal Recruits', 'el': 1, 'manaCost': 7}, {'d': 27000012, 'l': 13, 'nl': 15, 'icon': 'goblin_cage_evolution', 'name': 'Goblin Cage', 'el': 1, 'manaCost': 4}, {'d': 26000059, 'l': 13, 'nl': 15, 'icon': 'royal_hog', 'name': 'Royal Hogs', 'manaCost': 5}, {'d': 26000052, 'l': 13, 'nl': 15, 'icon': 'zappies', 'name': 'Zappies', 'manaCost': 4}, {'d': 26000057, 'l': 13, 'nl': 15, 'icon': 'flying_machine', 'name': 'Flying Machine', 'manaCost': 4}, {'d': 26000084, 'l': 15, 'nl': 15, 'icon': 'electrospirit', 'name': 'Electro Spirit', 'manaCost': 1}, {'d': 28000015, 'l': 10, 'nl': 15, 'icon': 'barb_barrel', 'name': 'Barbarian Barrel', 'manaCost': 2}, {'d': 28000001, 'l': 15, 'nl': 15, 'icon': 'order_volley', 'name': 'Arrows', 'manaCost': 3}]",0,0,-1,2.41,"[26000047, 27000012, 26000059, 26000052, 26000057, 26000084, 28000015, 28000001]",6858,[2885],,"[{'name': 'Tower Princess', 'id': 159000000, 'level': 15, 'maxLevel': 14, 'rarity': 'common', 'iconUrls': {'medium': 'https://api-assets.clashroyale.com/cards/300/Nzo5Gjbh7NG6O3Hyu7ev54Pu5zK7vDMR2fbpGdVsS64.png'}}]",Хозяин Кланов,RPPG28G0,16000012,3.13,UYVG82PG0,Sk-13 Opachki✨,1838,1838,"[{'d': 26000011, 'l': 13, 'nl': 15, 'icon': 'valkyrie_evolution', 'name': 'Valkyrie', 'el': 1, 'manaCost': 4}, {'d': 28000017, 'l': 14, 'nl': 14, 'icon': 'snowball_evolution', 'name': 'Giant Snowball', 'el': 1, 'manaCost': 2}, {'d': 26000058, 'l': 10, 'nl': 15, 'icon': 'wallbreaker', 'name': 'Wall Breakers', 'manaCost': 2}, {'d': 26000025, 'l': 10, 'nl': 15, 'icon': 'skeleton_warriors', 'name': 'Guards', 'manaCost': 3}, {'d': 26000031, 'l': 15, 'nl': 15, 'icon': 'fire_spirits', 'name': 'Fire Spirit', 'manaCost': 1}, {'d': 27000003, 'l': 13, 'nl': 15, 'icon': 'building_inferno', 'name': 'Inferno Tower', 'manaCost': 5}, {'d': 27000013, 'l': 10, 'nl': 15, 'icon': 'goblindrill', 'name': 'Goblin Drill', 'manaCost': 4}, {'d': 28000009, 'l': 10, 'nl': 15, 'icon': 'poison', 'name': 'Poison', 'manaCost': 4}]",1,0,1,2.43,"[26000011, 28000017, 26000058, 26000025, 26000031, 27000003, 27000013, 28000009]",7032,"[2669, 1649]",,"[{'name': 'Tower Princess', 'id': 159000000, 'level': 15, 'maxLevel': 14, 'rarity': 'common', 'iconUrls': {'medium': 'https://api-assets.clashroyale.com/cards/300/Nzo5Gjbh7NG6O3Hyu7ev54Pu5zK7vDMR2fbpGdVsS64.png'}}]",7
54000124,0,72000474,Challenge_AllCards_EventDeck_NoSet,False,False,False,False,False,eventDeck,battleLadder,,trail,08PPG9YGPJQP,1760616342,12,BMG ★ Royal,9RJRL20V,16000122,2.63,2G2L9PRUP,ᴍɪɴᴛᴡʏ,11,11,"[{'d': 26000010, 'l': 11, 'nl': 11, 'icon': 'skeletons_card_evolution', 'name': 'Skeletons', 'el': 1, 'manaCost': 1}, {'d': 27000000, 'l': 11, 'nl': 11, 'icon': 'chaos_cannon_evolution', 'name': 'Cannon', 'el': 1, 'manaCost': 3}, {'d': 26000021, 'l': 9, 'nl': 11, 'icon': 'hog_rider', 'name': 'Hog Rider', 'manaCost': 4}, {'d': 26000014, 'l': 9, 'nl': 11, 'icon': 'musketeer', 'name': 'Musketeer', 'manaCost': 4}, {'d': 26000038, 'l': 9, 'nl': 11, 'icon': 'icegolem', 'name': 'Ice Golem', 'manaCost': 2}, {'d': 26000030, 'l': 11, 'nl': 11, 'icon': 'snow_spirits', 'name': 'Ice Spirit', 'manaCost': 1}, {'d': 28000011, 'l': 3, 'nl': 11, 'icon': 'the_log', 'name': 'The Log', 'manaCost': 2}, {'d': 28000000, 'l': 9, 'nl': 11, 'icon': 'fire_fireball', 'name': 'Fireball', 'manaCost': 4}]",3,0,1,0.51,"[26000010, 27000000, 26000021, 26000014, 26000038, 26000030, 28000011, 28000000]",4824,"[3052, 1454]",,"[{'name': 'Tower Princess', 'id': 159000000, 'level': 11, 'maxLevel': 14, 'rarity': 'common', 'iconUrls': {'medium': 'https://api-assets.clashroyale.com/cards/300/Nzo5Gjbh7NG6O3Hyu7ev54Pu5zK7vDMR2fbpGdVsS64.png'}}]",bumboys,RC0PU029,16000106,4.5,GLJR0UP,axdhe,11,11,"[{'d': 26000063, 'l': 6, 'nl': 11, 'icon': 'electro_dragon_evolution', 'name': 'Electro Dragon', 'el': 1, 'manaCost': 5}, {'d': 26000035, 'l': 3, 'nl': 11, 'icon': 'rage_barbarian_evolution', 'name': 'Lumberjack', 'el': 1, 'manaCost': 4}, {'d': 26000009, 'l': 6, 'nl': 11, 'icon': 'chr_golem', 'name': 'Golem', 'manaCost': 8}, {'d': 26000016, 'l': 6, 'nl': 11, 'icon': 'prince', 'name': 'Prince', 'manaCost': 5}, {'d': 26000005, 'l': 11, 'nl': 11, 'icon': 'minion', 'name': 'Minions', 'manaCost': 3}, {'d': 27000007, 'l': 9, 'nl': 11, 'icon': 'building_elixir_collector', 'name': 'Elixir Collector', 'manaCost': 6}, {'d': 28000015, 'l': 6, 'nl': 11, 'icon': 'barb_barrel', 'name': 'Barbarian Barrel', 'manaCost': 2}, {'d': 28000012, 'l': 6, 'nl': 11, 'icon': 'tornado', 'name': 'Tornado', 'manaCost': 3}]",0,0,-1,1.86,"[26000063, 26000035, 26000009, 26000016, 26000005, 27000007, 28000015, 28000012]",0,,,"[{'name': 'Royal Chef', 'id': 159000004, 'level': 3, 'maxLevel': 6, 'rarity': 'legendary', 'iconUrls': {'medium': 'https://api-assets.clashroyale.com/cards/300/CLxP2o0iX7q9peMkekI8Ki4DgWixra8L5aUbiAeBU9U.png'}}]",1
54000124,0,72000474,Challenge_AllCards_EventDeck_NoSet,False,False,False,False,False,eventDeck,battleLadder,,trail,08PPG9YG2098,1760616159,11,BMG ★ Royal,9RJRL20V,16000122,2.63,2G2L9PRUP,ᴍɪɴᴛᴡʏ,10,10,"[{'d': 26000010, 'l': 11, 'nl': 11, 'icon': 'skeletons_card_evolution', 'name': 'Skeletons', 'el': 1, 'manaCost': 1}, {'d': 27000000, 'l': 11, 'nl': 11, 'icon': 'chaos_cannon_evolution', 'name': 'Cannon', 'el': 1, 'manaCost': 3}, {'d': 26000021, 'l': 9, 'nl': 11, 'icon': 'hog_rider', 'name': 'Hog Rider', 'manaCost': 4}, {'d': 26000014, 'l': 9, 'nl': 11, 'icon': 'musketeer', 'name': 'Musketeer', 'manaCost': 4}, {'d': 26000038, 'l': 9, 'nl': 11, 'icon': 'icegolem', 'name': 'Ice Golem', 'manaCost': 2}, {'d': 26000030, 'l': 11, 'nl': 11, 'icon': 'snow_spirits', 'name': 'Ice Spirit', 'manaCost': 1}, {'d': 28000011, 'l': 3, 'nl': 11, 'icon': 'the_log', 'name': 'The Log', 'manaCost': 2}, {'d': 28000000, 'l': 9, 'nl': 11, 'icon': 'fire_fireball', 'name': 'Fireball', 'manaCost': 4}]",1,0,1,4.3,"[26000010, 27000000, 26000021, 26000014, 26000038, 26000030, 28000011, 28000000]",4824,"[889, 3052]",,"[{'name': 'Tower Princess', 'id': 159000000, 'level': 11, 'maxLevel': 14, 'rarity': 'common', 'iconUrls': {'medium': 'https://api-assets.clashroyale.com/cards/300/Nzo5Gjbh7NG6O3Hyu7ev54Pu5zK7vDMR2fbpGdVsS64.png'}}]",NOOK,Q2908G8Y,16000028,3.13,VY2Q8P8CV,HUMBLE H,11,11,"[{'d': 27000010, 'l': 9, 'nl': 11, 'icon': 'furnace_card_evolution', 'name': 'Furnace', 'el': 1, 'manaCost': 4}, {'d': 27000006, 'l': 11, 'nl': 11, 'icon': 'building_tesla_evolution', 'name': 'Tesla', 'el': 1, 'manaCost': 4}, {'d': 26000000, 'l': 11, 'nl': 11, 'icon': 'knight', 'name': 'Knight', 'manaCost': 3}, {'d': 26000010, 'l': 11, 'nl': 11, 'icon': 'skeletons_card', 'name': 'Skeletons', 'manaCost': 1}, {'d': 27000013, 'l': 6, 'nl': 11, 'icon': 'goblindrill', 'name': 'Goblin Drill', 'manaCost': 4}, {'d': 28000017, 'l': 11, 'nl': 11, 'icon': 'snowball', 'name': 'Giant Snowball', 'manaCost': 2}, {'d': 28000018, 'l': 11, 'nl': 11, 'icon': 'royal_delivery', 'name': 'Royal Delivery', 'manaCost': 3}, {'d': 28000009, 'l': 6, 'nl': 11, 'icon': 'poison', 'name': 'Poison', 'manaCost': 4}]",0,0,-1,2.56,"[27000010, 27000006, 26000000, 26000010, 27000013, 28000017, 28000018, 28000009]",4824,[2761],,"[{'name': 'Tower Princess', 'id': 159000000, 'level': 11, 'maxLevel': 14, 'rarity': 'common', 'iconUrls': {'medium': 'https://api-assets.clashroyale.com/cards/300/Nzo5Gjbh7NG6O3Hyu7ev54Pu5zK7vDMR2fbpGdVsS64.png'}}]",1
54000124,0,72000474,Challenge_AllCards_EventDeck_NoSet,False,False,False,False,False,eventDeck,battleLadder,,trail,08PPG9YQY0CP,1760615679,10,BMG ★ Royal,9RJRL20V,16000122,2.63,2G2L9PRUP,ᴍɪɴᴛᴡʏ,9,9,"[{'d': 26000010, 'l': 11, 'nl': 11, 'icon': 'skeletons_card_evolution', 'name': 'Skeletons', 'el': 1, 'manaCost': 1}, {'d': 27000000, 'l': 11, 'nl': 11, 'icon': 'chaos_cannon_evolution', 'name': 'Cannon', 'el': 1, 'manaCost': 3}, {'d': 26000021, 'l': 9, 'nl': 11, 'icon': 'hog_rider', 'name': 'Hog Rider', 'manaCost': 4}, {'d': 26000014, 'l': 9, 'nl': 11, 'icon': 'musketeer', 'name': 'Musketeer', 'manaCost': 4}, {'d': 26000038, 'l': 9, 'nl': 11, 'icon': 'icegolem', 'name': 'Ice Golem', 'manaCost': 2}, {'d': 26000030, 'l': 11, 'nl': 11, 'icon': 'snow_spirits', 'name': 'Ice Spirit', 'manaCost': 1}, {'d': 28000011, 'l': 3, 'nl': 11, 'icon': 'the_log', 'name': 'The Log', 'manaCost': 2}, {'d': 28000000, 'l': 9, 'nl': 11, 'icon': 'fire_fireball', 'name': 'Fireball', 'manaCost': 4}]",1,0,1,1.41,"[26000010, 27000000, 26000021, 26000014, 26000038, 26000030, 28000011, 28000000]",4824,"[3052, 2336]",,"[{'name': 'Tower Princess', 'id': 159000000, 'level': 11, 'maxLevel': 14, 'rarity': 'common', 'iconUrls': {'medium': 'https://api-assets.clashroyale.com/cards/300/Nzo5Gjbh7NG6O3Hyu7ev54Pu5zK7vDMR2fbpGdVsS64.png'}}]",LUDOPATIA,QJLUPCV0,16000142,3.5,2Q2VRP2V9,_mantra_,8,8,"[{'d': 26000058, 'l': 6, 'nl': 11, 'icon': 'wallbreaker_evolution', 'name': 'Wall Breakers', 'el': 1, 'manaCost': 2}, {'d': 26000011, 'l': 9, 'nl': 11, 'icon': 'valkyrie_evolution', 'name': 'Valkyrie', 'el': 1, 'manaCost': 4}, {'d': 26000021, 'l': 9, 'nl': 11, 'icon': 'hog_rider', 'name': 'Hog Rider', 'manaCost': 4}, {'d': 26000069, 'l': 1, 'nl': 11, 'icon': 'skeletonking', 'name': 'Skeleton King', 'manaCost': 4}, {'d': 26000083, 'l': 3, 'nl': 11, 'icon': 'motherwitch', 'name': 'Mother Witch', 'manaCost': 4}, {'d': 26000052, 'l': 9, 'nl': 11, 'icon': 'zappies', 'name': 'Zappies', 'manaCost': 4}, {'d': 27000012, 'l': 9, 'nl': 11, 'icon': 'goblin_cage', 'name': 'Goblin Cage', 'manaCost': 4}, {'d': 28000015, 'l': 6, 'nl': 11, 'icon': 'barb_barrel', 'name': 'Barbarian Barrel', 'manaCost': 2}]",0,0,-1,0.48,"[26000058, 26000011, 26000021, 26000069, 26000083, 26000052, 27000012, 28000015]",4500,[3052],,"[{'name': 'Tower Princess', 'id': 159000000, 'level': 11, 'maxLevel': 14, 'rarity': 'common', 'iconUrls': {'medium': 'https://api-assets.clashroyale.com/cards/300/Nzo5Gjbh7NG6O3Hyu7ev54Pu5zK7vDMR2fbpGdVsS64.png'}}]",1
54000124,0,72000474,Challenge_AllCards_EventDeck_NoSet,False,False,False,False,False,eventDeck,battleLadder,,trail,02VPGQPPR0VL,1760615480,9,BMG ★ Royal,9RJRL20V,16000122,2.63,2G2L9PRUP,ᴍɪɴᴛᴡʏ,9,9,"[{'d': 26000010, 'l': 11, 'nl': 11, 'icon': 'skeletons_card_evolution', 'name': 'Skeletons', 'el': 1, 'manaCost': 1}, {'d': 27000000, 'l': 11, 'nl': 11, 'icon': 'chaos_cannon_evolution', 'name': 'Cannon', 'el': 1, 'manaCost': 3}, {'d': 26000021, 'l': 9, 'nl': 11, 'icon': 'hog_rider', 'name': 'Hog Rider', 'manaCost': 4}, {'d': 26000014, 'l': 9, 'nl': 11, 'icon': 'musketeer', 'name': 'Musketeer', 'manaCost': 4}, {'d': 26000038, 'l': 9, 'nl': 11, 'icon': 'icegolem', 'name': 'Ice Golem', 'manaCost': 2}, {'d': 26000030, 'l': 11, 'nl': 11, 'icon': 'snow_spirits', 'name': 'Ice Spirit', 'manaCost': 1}, {'d': 28000011, 'l': 3, 'nl': 11, 'icon': 'the_log', 'name': 'The Log', 'manaCost': 2}, {'d': 28000000, 'l': 9, 'nl': 11, 'icon': 'fire_fireball', 'name': 'Fireball', 'manaCost': 4}]",0,0,-1,1.38,"[26000010, 27000000, 26000021, 26000014, 26000038, 26000030, 28000011, 28000000]",4064,[1955],,"[{'name': 'Tower Princess', 'id': 159000000, 'level': 11, 'maxLevel': 14, 'rarity': 'common', 'iconUrls': {'medium': 'https://api-assets.clashroyale.com/cards/300/Nzo5Gjbh7NG6O3Hyu7ev54Pu5zK7vDMR2fbpGdVsS64.png'}}]",Legends™,LUL0R90Q,16000098,4.25,8Y90RCL9,CharLiie,10,10,"[{'d': 26000015, 'l': 6, 'nl': 11, 'icon': 'baby_dragon_evolution', 'name': 'Baby Dragon', 'el': 1, 'manaCost': 4}, {'d': 27000012, 'l': 9, 'nl': 11, 'icon': 'goblin_cage_evolution', 'name': 'Goblin Cage', 'el': 1, 'manaCost': 4}, {'d': 26000085, 'l': 6, 'nl': 11, 'icon': 'electrogiant', 'name': 'Electro Giant', 'manaCost': 7}, {'d': 26000034, 'l': 6, 'nl': 11, 'icon': 'bowler', 'name': 'Bowler', 'manaCost': 5}, {'d': 26000025, 'l': 6, 'nl': 11, 'icon': 'skeleton_warriors', 'name': 'Guards', 'manaCost': 3}, {'d': 28000015, 'l': 6, 'nl': 11, 'icon': 'barb_barrel', 'name': 'Barbarian Barrel', 'manaCost': 2}, {'d': 28000012, 'l': 6, 'nl': 11, 'icon': 'tornado', 'name': 'Tornado', 'manaCost': 3}, {'d': 28000007, 'l': 6, 'nl': 11, 'icon': 'lightning', 'name': 'Lightning', 'manaCost': 6}]",1,0,1,5.24,"[26000015, 27000012, 26000085, 26000034, 26000025, 28000015, 28000012, 28000007]",3430,"[282, 2292]",,"[{'name': 'Tower Princess', 'id': 159000000, 'level': 11, 'maxLevel': 14, 'rarity': 'common', 'iconUrls': {'medium': 'https://api-assets.clashroyale.com/cards/300/Nzo5Gjbh7NG6O3Hyu7ev54Pu5zK7vDMR2fbpGdVsS64.png'}}]",1
54000124,0,72000474,Challenge_AllCards_EventDeck_NoSet,False,False,False,False,False,eventDeck,battleLadder,,trail,08PPG9YLG909,1760615153,9,BMG ★ Royal,9RJRL20V,16000122,2.63,2G2L9PRUP,ᴍɪɴᴛᴡʏ,8,8,"[{'d': 26000010, 'l': 11, 'nl': 11, 'icon': 'skeletons_card_evolution', 'name': 'Skeletons', 'el': 1, 'manaCost': 1}, {'d': 27000000, 'l': 11, 'nl': 11, 'icon': 'chaos_cannon_evolution', 'name': 'Cannon', 'el': 1, 'manaCost': 3}, {'d': 26000021, 'l': 9, 'nl': 11, 'icon': 'hog_rider', 'name': 'Hog Rider', 'manaCost': 4}, {'d': 26000014, 'l': 9, 'nl': 11, 'icon': 'musketeer', 'name': 'Musketeer', 'manaCost': 4}, {'d': 26000038, 'l': 9, 'nl': 11, 'icon': 'icegolem', 'name': 'Ice Golem', 'manaCost': 2}, {'d': 26000030, 'l': 11, 'nl': 11, 'icon': 'snow_spirits', 'name': 'Ice Spirit', 'manaCost': 1}, {'d': 28000011, 'l': 3, 'nl': 11, 'icon': 'the_log', 'name': 'The Log', 'manaCost': 2}, {'d': 28000000, 'l': 9, 'nl': 11, 'icon': 'fire_fireball', 'name': 'Fireball', 'manaCost': 4}]",1,0,1,1.64,"[26000010, 27000000, 26000021, 26000014, 26000038, 26000030, 28000011, 28000000]",4824,"[2448, 3052]",,"[{'name': 'Tower Princess', 'id': 159000000, 'level': 11, 'maxLevel': 14, 'rarity': 'common', 'iconUrls': {'medium': 'https://api-assets.clashroyale.com/cards/300/Nzo5Gjbh7NG6O3Hyu7ev54Pu5zK7vDMR2fbpGdVsS64.png'}}]",prendtasousou,GP0U9VYP,16000095,4.0,QVRCCUQ8L,KC Broasfort,5,5,"[{'d': 26000055, 'l': 3, 'nl': 11, 'icon': 'mega_knight_evolution', 'name': 'Mega Knight', 'el': 1, 'manaCost': 7}, {'d': 26000044, 'l': 6, 'nl': 11, 'icon': 'hunter_evolution', 'name': 'Hunter', 'el': 1, 'manaCost': 4}, {'d': 26000021, 'l': 9, 'nl': 11, 'icon': 'hog_rider', 'name': 'Hog Rider', 'manaCost': 4}, {'d': 26000016, 'l': 6, 'nl': 11, 'icon': 'prince', 'name': 'Prince', 'manaCost': 5}, {'d': 26000037, 'l': 3, 'nl': 11, 'icon': 'inferno_dragon', 'name': 'Inferno Dragon', 'manaCost': 4}, {'d': 26000013, 'l': 11, 'nl': 11, 'icon': 'bomber', 'name': 'Bomber', 'manaCost': 2}, {'d': 28000008, 'l': 11, 'nl': 11, 'icon': 'zap', 'name': 'Zap', 'manaCost': 2}, {'d': 28000005, 'l': 6, 'nl': 11, 'icon': 'freeze', 'name': 'Freeze', 'manaCost': 4}]",0,0,-1,1.6,"[26000055, 26000044, 26000021, 26000016, 26000037, 26000013, 28000008, 28000005]",4824,[3052],,"[{'name': 'Tower Princess', 'id': 159000000, 'level': 11, 'maxLevel': 14, 'rarity': 'common', 'iconUrls': {'medium': 'https://api-assets.clashroyale.com/cards/300/Nzo5Gjbh7NG6O3Hyu7ev54Pu5zK7vDMR2fbpGdVsS64.png'}}]",1
